Product Name,Category,Selling Price,Product Specification,Shipping Weight,Image,,,,,,,,,,,,,Product Url
Haywire Group Flickin' Chicken,Toys & Games | Games & Accessories | Board Games,$15.51,,,https://images-na.ssl-images-amazon.com/images/I/51Iy9iqd1mL.jpg|https://images-na.ssl-images-amazon.com/images/I/715dfK4T7jL.jpg|https://images-na.ssl-images-amazon.com/images/G/01/x-locale/common/transparent-pixel.jpg,,,,,,,,,,,,,https://www.amazon.com/Haywire-Group-G89623007704-Flickin-Chicken/dp/B002B8VL3E
Marvel Hulk Fist Pewter Key Ring,Toys & Games | Collectible Toys | Collectible Display & Storage | Display Cases & Stands | Display Cases,$5.51,ProductDimensions:3x1.2x5.5inches|ItemWeight:3.2ounces|ShippingWeight:3.2ounces(Viewshippingratesandpolicies)|DomesticShipping:ItemcanbeshippedwithinU.S.|InternationalShipping:ThisitemcanbeshippedtoselectcountriesoutsideoftheU.S.LearnMore|ASIN:B008TE46ZE|Itemmodelnumber:67903,3.2 ounces,https://images-na.ssl-images-amazon.com/images/I/41hIQzOZliL.jpg|https://images-na.ssl-images-amazon.com/images/G/01/x-locale/common/transparent-pixel.jpg,,,,,,,,,,,,,https://www.amazon.com/Marvel-Hulk-Fist-Pewter-Ring/dp/B008TE46ZE
Silver Glitter Hanging Fans (4 ct),Toys & Games | Party Supplies,$7.51,ProductDimensions:12x6.5x0.3inches|ItemWeight:4ounces|ShippingWeight:4.2ounces(Viewshippingratesandpolicies)|ASIN:B01N11IB6M|Itemmodelnumber:295000-18|Manufacturerrecommendedage:12monthsandup,4.2 ounces,https://images-na.ssl-images-amazon.com/images/I/41qlLNZEsEL.jpg|https://images-na.ssl-images-amazon.com/images/G/01/x-locale/common/transparent-pixel.jpg,,,,,,,,,,,,,https://www.amazon.com/Amscan-295000-18-Silver-Glitter-Hanging/dp/B01N11IB6M
"Learning Resources Base Ten Blocks Smart Pack, Early Childhood Math Skills, Ages 5+",Toys & Games | Learning & Education,$10.62,"ASIN:B00IJC7VLC|ShippingWeight:10.2ounces(Viewshippingratesandpolicies)|DomesticShipping:ItemcanbeshippedwithinU.S.|InternationalShipping:ThisitemcanbeshippedtoselectcountriesoutsideoftheU.S.LearnMore|DateFirstAvailable:February10,2014",10.2 ounces,https://images-na.ssl-images-amazon.com/images/I/511txVJI5ZL.jpg|https://images-na.ssl-images-amazon.com/images/I/418L18U8nFL.jpg|https://images-na.ssl-images-amazon.com/images/I/41fAYruyggL.jpg|https://images-na.ssl-images-amazon.com/images/I/416fkWoEwLL.jpg|https://images-na.ssl-images-amazon.com/images/G/01/x-locale/common/transparent-pixel.jpg,,,,,,,,,,,,,https://www.amazon.com/Learning-Resources-Blocks-Childhood-Skills/dp/B00IJC7VLC
Alex Studio Expressions Easel Case Artist Set Kids Art Supplies,Toys & Games | Arts & Crafts | Craft Kits,$69.99,ProductDimensions:18.5x3.1x15inches|ItemWeight:6.79pounds|ShippingWeight:6.85pounds(Viewshippingratesandpolicies)|DomesticShipping:ItemcanbeshippedwithinU.S.|InternationalShipping:Thisitemisnoteligibleforinternationalshipping.LearnMore|ASIN:B01CEY3HX6|Itemmodelnumber:58EX|Manufacturerrecommendedage:36months-10years,6.85 pounds,https://images-na.ssl-images-amazon.com/images/I/51ALoB-vgTL.jpg|https://images-na.ssl-images-amazon.com/images/I/51CdEVyRq6L.jpg|https://images-na.ssl-images-amazon.com/images/I/51iIAQPNFYL.jpg|https://images-na.ssl-images-amazon.com/images/I/51gWtth4KFL.jpg|https://images-na.ssl-images-amazon.com/images/G/01/x-locale/common/transparent-pixel.jpg,,,,,,,,,,,,,https://www.amazon.com/ALEX-Studio-Expressions-Easel-Artist/dp/B01CEY3HX6
"Barbie Outdoor Furniture Set, Brick Pizza Oven",Toys & Games | Dolls & Accessories | Playsets,$7.99,ProductDimensions:7.5x3.2x10.5inches|ItemWeight:3.52ounces|ShippingWeight:12.8ounces(Viewshippingratesandpolicies)|ASIN:B07FFKDCNQ|Itemmodelnumber:FXG39|Manufacturerrecommendedage:36months-7years,12.8 ounces,https://images-na.ssl-images-amazon.com/images/I/417YUoVWWML.jpg|https://images-na.ssl-images-amazon.com/images/I/41JETlBKUfL.jpg|https://images-na.ssl-images-amazon.com/images/I/4148ddasjtL.jpg|https://images-na.ssl-images-amazon.com/images/I/41%2B%2B7Ov6aQL.jpg|https://images-na.ssl-images-amazon.com/images/I/51M524mMg9L.jpg|https://images-na.ssl-images-amazon.com/images/I/41tYZzN5gwL.jpg|https://images-na.ssl-images-amazon.com/images/I/51TFVc9dS4L.jpg|https://images-na.ssl-images-amazon.com/images/G/01/x-locale/common/transparent-pixel.jpg,,,,,,,,,,,,,https://www.amazon.com/Barbie-FXG39-Brick-Oven-Playset/dp/B07FFKDCNQ
COBI Small Army A12 Matilda Tank,,$45.99,ProductDimensions:17.7x2.2x12inches|ItemWeight:1.29pounds|ShippingWeight:1.68pounds(Viewshippingratesandpolicies)|DomesticShipping:ItemcanbeshippedwithinU.S.|InternationalShipping:ThisitemcanbeshippedtoselectcountriesoutsideoftheU.S.LearnMore|ASIN:B072897B5S|Itemmodelnumber:2495|Manufacturerrecommendedage:7-15years,1.68 pounds,https://images-na.ssl-images-amazon.com/images/I/61qSoZ0Yo3L.jpg|https://images-na.ssl-images-amazon.com/images/I/61xKcPLviHL.jpg|https://images-na.ssl-images-amazon.com/images/I/51mW70Sme1L.jpg|https://images-na.ssl-images-amazon.com/images/I/41kWWHC%2B0FL.jpg|https://images-na.ssl-images-amazon.com/images/I/41LgMxBa0oL.jpg|https://images-na.ssl-images-amazon.com/images/I/51Z1grqsfWL.jpg|https://images-na.ssl-images-amazon.com/images/I/416ntqfjxNL.jpg|https://images-na.ssl-images-amazon.com/images/G/01/x-locale/common/transparent-pixel.jpg,,,,,,,,,,,,,https://www.amazon.com/COBI-Small-Army-Matilda-Tank/dp/B072897B5S
Illustrated Faith - Stickers - Word Art,Toys & Games | Arts & Crafts | Stickers,$6.77,"ASIN:B01CWM4FPE|ShippingWeight:1.6ounces(Viewshippingratesandpolicies)|DomesticShipping:Currently,itemcanbeshippedonlywithintheU.S.andtoAPO/FPOaddresses.ForAPO/FPOshipments,pleasecheckwiththemanufacturerregardingwarrantyandsupportissues.|InternationalShipping:ThisitemcanbeshippedtoselectcountriesoutsideoftheU.S.LearnMore|DateFirstAvailable:March13,2016",1.6 ounces,https://images-na.ssl-images-amazon.com/images/I/51u9XKw29fL.jpg|https://images-na.ssl-images-amazon.com/images/I/51cfPCMEfdL.jpg|https://images-na.ssl-images-amazon.com/images/I/51ExqEvlPRL.jpg|https://images-na.ssl-images-amazon.com/images/I/418XuDHhwgL.jpg|https://images-na.ssl-images-amazon.com/images/G/01/x-locale/common/transparent-pixel.jpg,,,,,,,,,,,,,https://www.amazon.com/Illustrated-Faith-Stickers-Word-Art/dp/B01CWM4FPE
American Girl WellieWishers Garden Adventure Picnic for WellieWisher Dolls,Toys & Games | Dolls & Accessories | Doll Accessories,$25.00,ProductDimensions:7.4x11.5x8inches|ItemWeight:8.6ounces|ShippingWeight:8.6ounces(Viewshippingratesandpolicies)|ASIN:B07ZGFLW3K|Manufacturerrecommendedage:5-15years,8.6 ounces,https://images-na.ssl-images-amazon.com/images/I/31ExRDiyRXL.jpg|https://images-na.ssl-images-amazon.com/images/I/31z7KRZmSKL.jpg|https://images-na.ssl-images-amazon.com/images/I/51EI6sC8LVL.jpg|https://images-na.ssl-images-amazon.com/images/I/61SBFglSQBL.jpg|https://images-na.ssl-images-amazon.com/images/G/01/x-locale/common/transparent-pixel.jpg,,,,,,,,,,,,,https://www.amazon.com/American-Girl-WellieWishers-Adventure-WellieWisher/dp/B07ZGFLW3K
"Odyssey Toys Hape Chunky Number Puzzle (10 Pieces), Multicolor, 5'' x 2''",Toys & Games | Puzzles | Jigsaw Puzzles,$19.63,ProductDimensions:11.2x10.8x0.7inches|ItemWeight:1.32pounds|ShippingWeight:1.4pounds(Viewshippingratesandpolicies)|DomesticShipping:ItemcanbeshippedwithinU.S.|InternationalShipping:ThisitemcanbeshippedtoselectcountriesoutsideoftheU.S.LearnMore|ShippingAdvisory:Thisitemmustbeshippedseparatelyfromotheritemsinyourorder.Additionalshippingchargeswillnotapply.|ASIN:B072MZ2P9Y|Itemmodelnumber:E1550|Manufacturerrecommendedage:36months-12years,1.4 pounds,https://images-na.ssl-images-amazon.com/images/I/41FdnHcI4YL.jpg|https://images-na.ssl-images-amazon.com/images/I/51cYK%2BR2pWL.jpg|https://images-na.ssl-images-amazon.com/images/I/51a6dVsqm3L.jpg|https://images-na.ssl-images-amazon.com/images/I/51xakfo5e9L.jpg|https://images-na.ssl-images-amazon.com/images/G/01/x-locale/common/transparent-pixel.jpg,,,,,,,,,,,,,https://www.amazon.com/ODYSSEY-Chunky-Number-Puzzle-Multicolor/dp/B072MZ2P9Y
Gamewright Too Many Monkeys,Toys & Games | Games & Accessories | Card Games,$9.99,ProductDimensions:5.8x1.5x4.8inches|ItemWeight:4.2ounces|ShippingWeight:8.8ounces(Viewshippingratesandpolicies)|DomesticShipping:ItemcanbeshippedwithinU.S.|InternationalShipping:ThisitemcanbeshippedtoselectcountriesoutsideoftheU.S.LearnMore|ASIN:B00272XT0C|Itemmodelnumber:CSG-TOO|Manufacturerrecommendedage:6-15years,8.8 ounces,https://images-na.ssl-images-amazon.com/images/I/51WpHE1UpzL.jpg|https://images-na.ssl-images-amazon.com/images/I/51bYJCfKjWL.jpg|https://images-na.ssl-images-amazon.com/images/I/51UflrdF15L.jpg|https://images-na.ssl-images-amazon.com/images/I/51zNOZObBUL.jpg|https://images-na.ssl-images-amazon.com/images/I/51XpFxhxv6L.jpg|https://images-na.ssl-images-amazon.com/images/G/01/x-locale/common/transparent-pixel.jpg,,,,,,,,,,,,,https://www.amazon.com/Gamewright-SS-GMW-241-Too-Many-Monkeys/dp/B00272XT0C
"Badger Basket Chevron Upholstered Doll Sofa with Foldout Bed (fits American Girl Dolls), Pink/White",Toys & Games | Dolls & Accessories | Doll Accessories | Furniture,$37.49,"ASIN:B01EOA7ZHC|ShippingWeight:2.55pounds(Viewshippingratesandpolicies)|DateFirstAvailable:April22,2016",2.55 pounds,https://images-na.ssl-images-amazon.com/images/I/51eh2OAH8TL.jpg|https://images-na.ssl-images-amazon.com/images/I/41QpwLdd-VL.jpg|https://images-na.ssl-images-amazon.com/images/I/51dPx7OMdvL.jpg|https://images-na.ssl-images-amazon.com/images/I/51RNHiXNGTL.jpg|https://images-na.ssl-images-amazon.com/images/I/41k88spu3yL.jpg|https://images-na.ssl-images-amazon.com/images/I/41Krlyq6UDL.jpg|https://images-na.ssl-images-amazon.com/images/I/51HTkLsIvTL.jpg|https://images-na.ssl-images-amazon.com/images/G/01/x-locale/common/transparent-pixel.jpg,,,,,,,,,,,,,https://www.amazon.com/Badger-Basket-Chevron-Upholstered-American/dp/B01EOA7ZHC
"ebba Baby Talk Carrier, My Pirate Ship Playset",Toys & Games | Stuffed Animals & Plush Toys | Stuffed Animals & Teddy Bears,$22.03,ProductDimensions:8x4x5inches|ItemWeight:7.2ounces|ShippingWeight:7.2ounces(Viewshippingratesandpolicies)|DomesticShipping:ItemcanbeshippedwithinU.S.|InternationalShipping:ThisitemcanbeshippedtoselectcountriesoutsideoftheU.S.LearnMore|ASIN:B00SEL08OA|Itemmodelnumber:20807|Manufacturerrecommendedage:6months-15years,7.2 ounces,https://images-na.ssl-images-amazon.com/images/I/51PHZjEn8TL.jpg|https://images-na.ssl-images-amazon.com/images/I/51j93ex4ebL.jpg|https://images-na.ssl-images-amazon.com/images/I/415jiTSwMXL.jpg|https://images-na.ssl-images-amazon.com/images/G/01/x-locale/common/transparent-pixel.jpg,,,,,,,,,,,,,https://www.amazon.com/ebba-Baby-Carrier-Pirate-Playset/dp/B00SEL08OA
"Prism Skate Co Biscuit Artist Series Skateboard at 6.5 lb, Blue, 28"" x 8"" 5.25""","Sports & Outdoors | Outdoor Recreation | Skates, Skateboards & Scooters | Skateboarding | Standard Skateboards & Longboards | Longboards",$130.00,Product Dimensions:         28 x 8 x 5.2 inches ; 6.5 pounds    |Shipping Weight: 7.7 pounds (View shipping rates and policies)|ASIN: B07483194Y|Item model number: 854738006670|    #636    in¬†Longboards Skateboard,7.7 pounds,https://images-na.ssl-images-amazon.com/images/I/41OMHwIgwYL.jpg|https://images-na.ssl-images-amazon.com/images/I/31QIUxKxBNL.jpg|https://images-na.ssl-images-amazon.com/images/I/31beP19jAPL.jpg|https://images-na.ssl-images-amazon.com/images/G/01/x-locale/common/transparent-pixel.jpg,,,,,,,,,,,,,https://www.amazon.com/Prism-Skate-Co-Biscuit-Skateboard/dp/B07483194Y
"Sammons Preston Replacement Cover for Mini Exercise Trampoline, Optional Cover for Small Trampoline, Durable Frame Cover for Home or Clinical Use",Sports & Outdoors | Sports & Fitness | Leisure Sports & Game Room | Trampolines & Accessories | Parts & Accessories,$15.00,"ASIN:B0745M3H2T|ShippingWeight:8ounces(Viewshippingratesandpolicies)|DateFirstAvailable:July22,2017",8 ounces,https://images-na.ssl-images-amazon.com/images/I/51xc4SkjD6L.jpg|https://images-na.ssl-images-amazon.com/images/G/01/x-locale/common/transparent-pixel.jpg,,,,,,,,,,,,,https://www.amazon.com/Sammons-Preston-Replacement-Exercise-Trampoline/dp/B0745M3H2T
"KidKraft Wooden Espresso Smoothie Set with Pretend Fruits & Vegetables Play Food, Removable Lid",Toys & Games | Dress Up & Pretend Play | Pretend Play | Kitchen Toys,$20.22,ProductDimensions:6x4x6inches|ItemWeight:1.9pounds|ShippingWeight:1.98pounds(Viewshippingratesandpolicies)|ASIN:B00W61JC3M|Itemmodelnumber:63376|Manufacturerrecommendedage:36month-3years,1.98 pounds,https://images-na.ssl-images-amazon.com/images/I/41JG9jRy9lL.jpg|https://images-na.ssl-images-amazon.com/images/I/41KIcvjbTML.jpg|https://images-na.ssl-images-amazon.com/images/I/4197KqwPh-L.jpg|https://images-na.ssl-images-amazon.com/images/G/01/x-locale/common/transparent-pixel.jpg,,,,,,,,,,,,,https://www.amazon.com/KidKraft-63376-Espresso-Smoothie-Playset/dp/B00W61JC3M
Rhode Island Novelty 5 Inch Smile Face Playground Ball,Toys & Games | Novelty & Gag Toys,$5.14,ProductDimensions:5x2.8x2.8inches|ItemWeight:5.6ounces|ShippingWeight:5.6ounces(Viewshippingratesandpolicies)|DomesticShipping:ItemcanbeshippedwithinU.S.|InternationalShipping:ThisitemcanbeshippedtoselectcountriesoutsideoftheU.S.LearnMore|ASIN:B0053YPUIA|Itemmodelnumber:SS-RIN-SBPLSM5|Manufacturerrecommendedage:5-16years,5.6 ounces,https://images-na.ssl-images-amazon.com/images/I/51goyaKWsRL.jpg|https://images-na.ssl-images-amazon.com/images/G/01/x-locale/common/transparent-pixel.jpg,,,,,,,,,,,,,https://www.amazon.com/Rhode-Island-Novelty-Smile-Playground/dp/B0053YPUIA
"Darice Wood Barn Bird House, 8-Inch, Natural",Toys & Games | Arts & Crafts | Craft Kits | Wood,$19.99,ProductDimensions:6.4x6.9x8inches|ItemWeight:1.18pounds|ShippingWeight:1.18pounds(Viewshippingratesandpolicies)|Manufacturer:Darice|ASIN:B0085TF9RW|DomesticShipping:ItemcanbeshippedwithinU.S.|InternationalShipping:ThisitemcanbeshippedtoselectcountriesoutsideoftheU.S.LearnMore|Itemmodelnumber:9138-01,1.18 pounds,https://images-na.ssl-images-amazon.com/images/I/41dgm%2BGkiGL.jpg|https://images-na.ssl-images-amazon.com/images/G/01/x-locale/common/transparent-pixel.jpg,,,,,,,,,,,,,https://www.amazon.com/Darice-9138-01-House-Natural-8-Inch/dp/B0085TF9RW
Smart Play Ingenio Colors & Shapes Memory Match Game,Toys & Games | Games & Accessories | Board Games,$15.20,ProductDimensions:9.7x8.2x2.2inches|ItemWeight:15.2ounces|ShippingWeight:15.2ounces(Viewshippingratesandpolicies)|DomesticShipping:ItemcanbeshippedwithinU.S.|InternationalShipping:ThisitemcanbeshippedtoselectcountriesoutsideoftheU.S.LearnMore|ASIN:B01068H2EW|Itemmodelnumber:33221|Manufacturerrecommendedage:36months-8years,15.2 ounces,https://images-na.ssl-images-amazon.com/images/I/41WO3JCfV5L.jpg|https://images-na.ssl-images-amazon.com/images/I/51byY%2ByHfyL.jpg|https://images-na.ssl-images-amazon.com/images/G/01/x-locale/common/transparent-pixel.jpg,,,,,,,,,,,,,https://www.amazon.com/Ingenio-Colors-Shapes-Memory-Match/dp/B01068H2EW
"up4 Mickey Grab N Go Play Pack 8.50x5.25x0.5 [Contains 8 Retail (S) Per SKU# 1051224, Multicolor",Toys & Games | Party Supplies | Party Favors,$17.95,ProductDimensions:10.1x5x2.1inches|ItemWeight:11.2ounces|ShippingWeight:11.2ounces(Viewshippingratesandpolicies)|ASIN:B075Y4QSZP|Itemmodelnumber:1051224|Manufacturerrecommendedage:36months-17years,11.2 ounces,https://images-na.ssl-images-amazon.com/images/I/51xCcQ690FL.jpg|https://images-na.ssl-images-amazon.com/images/G/01/x-locale/common/transparent-pixel.jpg,,,,,,,,,,,,,https://www.amazon.com/up4-8-50x5-25x0-5-Contains-1051224-Multicolor/dp/B075Y4QSZP
L.O.L. Surprise! O.M.G. Winter Disco Dollie Fashion Doll & Sister,Toys & Games | Dolls & Accessories | Dolls,$34.88,ProductDimensions:3x12x12inches|ItemWeight:7ounces|ShippingWeight:1.85pounds(Viewshippingratesandpolicies)|ASIN:B07PMN4BZP|Itemmodelnumber:561798|Manufacturerrecommendedage:6-10years,1.85 pounds,https://images-na.ssl-images-amazon.com/images/I/41KiXVy0knL.jpg|https://images-na.ssl-images-amazon.com/images/I/41Uh1xIBudL.jpg|https://images-na.ssl-images-amazon.com/images/I/518BrJBW8AL.jpg|https://images-na.ssl-images-amazon.com/images/I/51LxYUigh3L.jpg|https://images-na.ssl-images-amazon.com/images/I/41a-mnvDIJL.jpg|https://images-na.ssl-images-amazon.com/images/I/51rNoT5%2BUaL.jpg|https://images-na.ssl-images-amazon.com/images/I/61RTBBMcCwL.jpg|https://images-na.ssl-images-amazon.com/images/G/01/x-locale/common/transparent-pixel.jpg,,,,,,,,,,,,,https://www.amazon.com/L-L-Surprise-Secret-Dollface/dp/B07PMN4BZP
"Poolmaster Vinyl Water Hammock, Blue",Toys & Games | Sports & Outdoor Play | Pools & Water Toys,$9.99,ProductDimensions:6x26x51.8inches|ItemWeight:10.6ounces|ShippingWeight:10.4ounces(Viewshippingratesandpolicies)|DomesticShipping:ItemcanbeshippedwithinU.S.|InternationalShipping:ThisitemcanbeshippedtoselectcountriesoutsideoftheU.S.LearnMore|ASIN:B00TQGNJ16|Itemmodelnumber:07671|Manufacturerrecommendedage:15-17years,10.4 ounces,https://images-na.ssl-images-amazon.com/images/I/41UGjGYenIL.jpg|https://images-na.ssl-images-amazon.com/images/I/31bP-Xz02WL.jpg|https://images-na.ssl-images-amazon.com/images/I/51pZJE%2BuPwL.jpg|https://images-na.ssl-images-amazon.com/images/I/41sSLrUchOL.jpg|https://images-na.ssl-images-amazon.com/images/I/511w-XzyC%2BL.jpg|https://images-na.ssl-images-amazon.com/images/I/51Mme18zA1L.jpg|https://images-na.ssl-images-amazon.com/images/I/61zUYkIzLRL.jpg|https://images-na.ssl-images-amazon.com/images/G/01/x-locale/common/transparent-pixel.jpg,,,,,,,,,,,,,https://www.amazon.com/Poolmaster-Vinyl-Water-Hammock-Blue/dp/B00TQGNJ16
"ICS RC Cars, AMOSTING 35MPH 1/12 Scale 2.4GHz 2WD High Speed Off Road Remote Control Car Monster Trucks",Toys & Games | Kids' Electronics,$81.54,ProductDimensions:12x8x5inches|ItemWeight:3.9pounds|ShippingWeight:3.9pounds(Viewshippingratesandpolicies)|ASIN:B017AY53K0|Itemmodelnumber:S911-red|Manufacturerrecommendedage:5yearsandup,3.9 pounds,https://images-na.ssl-images-amazon.com/images/I/41%2BZFU1Lo6L.jpg|https://images-na.ssl-images-amazon.com/images/G/01/x-locale/common/transparent-pixel.jpg,,,,,,,,,,,,,https://www.amazon.com/AMOSTING-2-4GHz-Remote-Control-Monster/dp/B017AY53K0
Originals Aquaman DC Comics Superman Zombie String Doll Keychain,Toys & Games | Dolls & Accessories | Dolls,$8.46,ProductDimensions:2.5x1x3.5inches|ItemWeight:0.32ounces|ShippingWeight:0.32ounces(Viewshippingratesandpolicies)|DomesticShipping:ItemcanbeshippedwithinU.S.|InternationalShipping:ThisitemcanbeshippedtoselectcountriesoutsideoftheU.S.LearnMore|ASIN:B00GJD2XP2|Itemmodelnumber:K-DC-0042-V|Manufacturerrecommendedage:4-15years,0.32 ounces,https://images-na.ssl-images-amazon.com/images/I/41U8fhNdpfL.jpg|https://images-na.ssl-images-amazon.com/images/G/01/x-locale/common/transparent-pixel.jpg,,,,,,,,,,,,,https://www.amazon.com/Originals-Aquaman-Comics-Superman-Keychain/dp/B00GJD2XP2
Color My Heart Pendant Necklace Craft Kit,Toys & Games | Arts & Crafts | Craft Kits | Jewelry,$15.98,ProductDimensions:0.1x1.5x0.1inches|ItemWeight:6.9ounces|ShippingWeight:7.2ounces(Viewshippingratesandpolicies)|ASIN:B005OM10GW|Itemmodelnumber:726721|Manufacturerrecommendedage:5yearsandup,7.2 ounces,https://images-na.ssl-images-amazon.com/images/I/41O7TJo4JqL.jpg|https://images-na.ssl-images-amazon.com/images/I/613lfAfjxOL.jpg|https://images-na.ssl-images-amazon.com/images/I/51S4kN518WL.jpg|https://images-na.ssl-images-amazon.com/images/G/01/x-locale/common/transparent-pixel.jpg,,,,,,,,,,,,,https://www.amazon.com/Color-Heart-Pendant-Necklace-Craft/dp/B005OM10GW
"Rubie's Justice League Child's Deluxe Aquaman Costume, Large",Toys & Games | Dress Up & Pretend Play | Costumes,$27.63,ProductDimensions:12x2x15inches|ItemWeight:14.4ounces|ShippingWeight:14.9ounces(Viewshippingratesandpolicies)|DomesticShipping:ItemcanbeshippedwithinU.S.|InternationalShipping:ThisitemcanbeshippedtoselectcountriesoutsideoftheU.S.LearnMore|ASIN:B01N3ABHAE|Itemmodelnumber:640028|Manufacturerrecommendedage:7-10years,14.9 ounces,https://images-na.ssl-images-amazon.com/images/I/41pvTv6K4cL.jpg|https://images-na.ssl-images-amazon.com/images/I/516LZ60WGqL.jpg|https://images-na.ssl-images-amazon.com/images/I/516mmCpZ9UL.jpg|https://images-na.ssl-images-amazon.com/images/I/51ZwQkLFwbL.jpg|https://images-na.ssl-images-amazon.com/images/G/01/x-locale/common/transparent-pixel.jpg,,,,,,,,,,,,,https://www.amazon.com/Rubies-Justice-League-Aquaman-Costume/dp/B01N3ABHAE
"Learning Resources Primary Science Deluxe Lab Set, Science Kit, 45 Piece Set, Ages 3+",Toys & Games | Learning & Education,$12.91,ProductDimensions:17.5x10.2x5.6inches|ItemWeight:3.81pounds|ShippingWeight:3.9pounds(Viewshippingratesandpolicies)|DomesticShipping:ItemcanbeshippedwithinU.S.|InternationalShipping:ThisitemcanbeshippedtoselectcountriesoutsideoftheU.S.LearnMore|ASIN:B01N4IF1YU|Itemmodelnumber:LER0826|Manufacturerrecommendedage:36months-10years,3.9 pounds,https://images-na.ssl-images-amazon.com/images/I/51JfSzZGqXL.jpg|https://images-na.ssl-images-amazon.com/images/I/51fMjWXqTrL.jpg|https://images-na.ssl-images-amazon.com/images/I/41LFs5GUYaL.jpg|https://images-na.ssl-images-amazon.com/images/I/41yjBijNxML.jpg|https://images-na.ssl-images-amazon.com/images/I/51gg4C3YXzL.jpg|https://images-na.ssl-images-amazon.com/images/I/51GkDPjr36L.jpg|https://images-na.ssl-images-amazon.com/images/I/71dTKD1I-dL.jpg|https://images-na.ssl-images-amazon.com/images/G/01/x-locale/common/transparent-pixel.jpg,,,,,,,,,,,,,https://www.amazon.com/Learning-Resources-Primary-Science-Deluxe/dp/B01N4IF1YU
Swimline Pool Jam Inground Basketball,Toys & Games | Sports & Outdoor Play | Pools & Water Toys | Basketball & Volleyball Sets,$43.42,ProductDimensions:32.6x22.3x10.6inches|ItemWeight:16.3pounds|ShippingWeight:16.3pounds|DomesticShipping:ItemcanbeshippedwithinU.S.|InternationalShipping:Thisitemisnoteligibleforinternationalshipping.LearnMore|ShippingAdvisory:Thisitemmustbeshippedseparatelyfromotheritemsinyourorder.Additionalshippingchargeswillnotapply.|ASIN:B000MOHJZI|Itemmodelnumber:9189|Manufacturerrecommendedage:3yearsandup,16.3 pounds,https://images-na.ssl-images-amazon.com/images/I/61TNTUEKn8L.jpg|https://images-na.ssl-images-amazon.com/images/I/41CprVnr%2BJL.jpg|https://images-na.ssl-images-amazon.com/images/G/01/x-locale/common/transparent-pixel.jpg,,,,,,,,,,,,,https://www.amazon.com/Swimline-Pool-Jam-Inground-Basketball/dp/B000MOHJZI
Forum Novelties Children's Unisex Headless Costume,Toys & Games | Dress Up & Pretend Play | Costumes,$23.95 - $53.82,,1.37 pounds,https://images-na.ssl-images-amazon.com/images/I/31W7yfIIYUL.jpg|https://images-na.ssl-images-amazon.com/images/G/01/x-locale/common/transparent-pixel.jpg,,,,,,,,,,,,,https://www.amazon.com/Child-Headless-Boy-Costume-ST/dp/B007HJJ9CW
Funko Pop! Animation: Scooby Doo - Clown,,$9.26,ProductDimensions:2.5x2.5x3.8inches|ItemWeight:8ounces|ShippingWeight:8ounces(Viewshippingratesandpolicies)|ASIN:B07MZPS56H|Itemmodelnumber:39953|Manufacturerrecommendedage:6yearsandup,8 ounces,https://images-na.ssl-images-amazon.com/images/I/41Aey1k7x7L.jpg|https://images-na.ssl-images-amazon.com/images/G/01/x-locale/common/transparent-pixel.jpg,,,,,,,,,,,,,https://www.amazon.com/Funko-Pop-Animation-Scooby-Clown/dp/B07MZPS56H
"NEBULOUS STARS Marinia's Secret Diary, Motif Applicator Pen & Ball Pen & Lock Included, Multicolor","Toys & Games | Learning & Education | Reading & Writing | Diaries, Journals & Notebooks",$17.63,ProductDimensions:8.8x1.8x11inches|ItemWeight:7ounces|ShippingWeight:1.36pounds(Viewshippingratesandpolicies)|ShippingAdvisory:Thisitemmustbeshippedseparatelyfromotheritemsinyourorder.Additionalshippingchargeswillnotapply.|ASIN:B07FSP9TB3|Itemmodelnumber:NS11115|Manufacturerrecommendedage:3yearsandup,1.36 pounds,https://images-na.ssl-images-amazon.com/images/I/61rrN%2BtvOhL.jpg|https://images-na.ssl-images-amazon.com/images/I/61k7%2BjlM8eL.jpg|https://images-na.ssl-images-amazon.com/images/I/61gNztFHtDL.jpg|https://images-na.ssl-images-amazon.com/images/I/51Ext7on4AL.jpg|https://images-na.ssl-images-amazon.com/images/I/51CO4qvHcyL.jpg|https://images-na.ssl-images-amazon.com/images/I/419c%2BAUi5tL.jpg|https://images-na.ssl-images-amazon.com/images/G/01/x-locale/common/transparent-pixel.jpg,,,,,,,,,,,,,https://www.amazon.com/NEBULOUS-STARS-Marinias-Secret-Diary/dp/B07FSP9TB3
Glitter Girls by Battat ‚Äì Flutter and Sparkle Shoes and Leggings Accessory Set ‚Äì 14-inch Doll Clothes and Accessories for Girls Age 3 and Up ‚Äì Children‚Äôs Toys,Toys & Games | Dolls & Accessories | Doll Accessories | Clothing & Shoes,$5.05,ProductDimensions:5.2x1.8x4.5inches|ItemWeight:1.76ounces|ShippingWeight:1.76ounces(Viewshippingratesandpolicies)|DomesticShipping:ItemcanbeshippedwithinU.S.|InternationalShipping:ThisitemcanbeshippedtoselectcountriesoutsideoftheU.S.LearnMore|ASIN:B073FT4LHN|Itemmodelnumber:GG57004Z|Manufacturerrecommendedage:36months-12years,1.76 ounces,https://images-na.ssl-images-amazon.com/images/I/41X07vULmrL.jpg|https://images-na.ssl-images-amazon.com/images/I/413q2WNAFUL.jpg|https://images-na.ssl-images-amazon.com/images/I/51e4E8d2X2L.jpg|https://images-na.ssl-images-amazon.com/images/G/01/x-locale/common/transparent-pixel.jpg,,,,,,,,,,,,,https://www.amazon.com/Glitter-Girls-Battat-Accessory-Accessories/dp/B073FT4LHN
Little Buddy Super Mario All Star Collection 1448 Lakitu/Jugemu Stuffed Plush,Toys & Games | Stuffed Animals & Plush Toys | Plush Figures,$17.11,ProductDimensions:4x5x8inches|ItemWeight:5ounces|ShippingWeight:5.6ounces(Viewshippingratesandpolicies)|DomesticShipping:ItemcanbeshippedwithinU.S.|InternationalShipping:ThisitemcanbeshippedtoselectcountriesoutsideoftheU.S.LearnMore|ASIN:B01EIJ4F72|Itemmodelnumber:1448|Manufacturerrecommendedage:13-15years,5.6 ounces,https://images-na.ssl-images-amazon.com/images/I/41-rYSeLPQL.jpg|https://images-na.ssl-images-amazon.com/images/G/01/x-locale/common/transparent-pixel.jpg,,,,,,,,,,,,,https://www.amazon.com/Little-Buddy-Collection-1448-Stuffed/dp/B01EIJ4F72
C.R. Gibson Little Lamb's Perfect Day Board Book and Stuffed Animal Set for Newborns and Babies,Toys & Games | Stuffed Animals & Plush Toys | Stuffed Animals & Teddy Bears,$18.99,,,https://images-na.ssl-images-amazon.com/images/I/51HbPO4vEkL.jpg|https://images-na.ssl-images-amazon.com/images/I/51GxUCj6hnL.jpg|https://images-na.ssl-images-amazon.com/images/I/51XzqFEMmaL.jpg|https://images-na.ssl-images-amazon.com/images/I/51n01YAvOXL.jpg|https://images-na.ssl-images-amazon.com/images/G/01/x-locale/common/transparent-pixel.jpg,,,,,,,,,,,,,https://www.amazon.com/C-R-Gibson-Perfect-Stuffed-Newborns/dp/B072LCDLYT
Pressman Toys Giant Snakes & Ladders Game (4 Player),Toys & Games | Games & Accessories | Board Games,$14.90,ProductDimensions:11.8x2.5x11.8inches|ItemWeight:2pounds|ShippingWeight:2.3pounds(Viewshippingratesandpolicies)|DomesticShipping:ItemcanbeshippedwithinU.S.|InternationalShipping:ThisitemcanbeshippedtoselectcountriesoutsideoftheU.S.LearnMore|ASIN:B01MZIU4YK|Californiaresidents:ClickhereforProposition65warning|Itemmodelnumber:1025-04|Manufacturerrecommendedage:5yearsandup,2.3 pounds,https://images-na.ssl-images-amazon.com/images/I/51EV6Y4nM3L.jpg|https://images-na.ssl-images-amazon.com/images/I/41ehai-%2ByHL.jpg|https://images-na.ssl-images-amazon.com/images/I/51vj8BJ8lvL.jpg|https://images-na.ssl-images-amazon.com/images/I/51KARKmkYhL.jpg|https://images-na.ssl-images-amazon.com/images/G/01/x-locale/common/transparent-pixel.jpg,,,,,,,,,,,,,https://www.amazon.com/Pressman-Giant-Snakes-Ladders-Player/dp/B01MZIU4YK
Testors TENAMEL-1253T Aerosol Enamel Paint 3oz-Gray Metallic,Toys & Games | Hobbies | Hobby Building Tools & Hardware | Paints,$13.98 $ 13 . 98,,,https://images-na.ssl-images-amazon.com/images/I/41p9aakZkwL.jpg|https://images-na.ssl-images-amazon.com/images/I/410z986leZL.jpg|https://images-na.ssl-images-amazon.com/images/I/41DSFkdQYML.jpg|https://images-na.ssl-images-amazon.com/images/I/31J-SR6xZEL.jpg|https://images-na.ssl-images-amazon.com/images/G/01/x-locale/common/transparent-pixel.jpg,,,,,,,,,,,,,https://www.amazon.com/Testors-TENAMEL-1253T-Aerosol-3oz-Gray-Metallic/dp/B00681T1UU
Banpresto Love Live! Exq Figure Kotori Minami,,$19.99,ProductDimensions:4x4x8.7inches|ItemWeight:10.2ounces|ShippingWeight:10.2ounces(Viewshippingratesandpolicies)|ASIN:B07QLJM1PF|Itemmodelnumber:BP39596|Manufacturerrecommendedage:15yearsandup,10.2 ounces,https://images-na.ssl-images-amazon.com/images/I/31vzbH3lmxL.jpg|https://images-na.ssl-images-amazon.com/images/G/01/x-locale/common/transparent-pixel.jpg,,,,,,,,,,,,,https://www.amazon.com/Banpresto-Love-Figure-Kotori-Minami/dp/B07QLJM1PF
Bandai Tamashii Nations S.H. Figuarts Zero Megaman Zero Model Kit,"Toys & Games | Collectible Toys | Statues, Bobbleheads & Busts",$77.56,ProductDimensions:2x3x5.5inches|ItemWeight:8ounces|ShippingWeight:5.6ounces|DomesticShipping:ItemcanbeshippedwithinU.S.|InternationalShipping:Thisitemisnoteligibleforinternationalshipping.LearnMore|ASIN:B00KY6KAPA|Itemmodelnumber:BAN91357|Manufacturerrecommendedage:15-16years,5.6 ounces,https://images-na.ssl-images-amazon.com/images/I/51T6-QxYfoL.jpg|https://images-na.ssl-images-amazon.com/images/I/517mGsAffOL.jpg|https://images-na.ssl-images-amazon.com/images/G/01/x-locale/common/transparent-pixel.jpg,,,,,,,,,,,,,https://www.amazon.com/Bandai-Tamashii-Nations-Figuarts-Megaman/dp/B00KY6KAPA
Elenco Breadboard with 830 Tie Points - 9425,Toys & Games | Learning & Education | Science Kits & Toys,$34.95,ProductDimensions:10x7x1inches|ItemWeight:6.4ounces|ShippingWeight:6.4ounces(Viewshippingratesandpolicies)|DomesticShipping:ItemcanbeshippedwithinU.S.|InternationalShipping:ThisitemcanbeshippedtoselectcountriesoutsideoftheU.S.LearnMore|ASIN:B0002H4W28|Itemmodelnumber:9425|Manufacturerrecommendedage:15-19years,6.4 ounces,https://images-na.ssl-images-amazon.com/images/I/51p5mIgplDL.jpg|https://images-na.ssl-images-amazon.com/images/I/31SqWvam8oL.jpg|https://images-na.ssl-images-amazon.com/images/G/01/x-locale/common/transparent-pixel.jpg,,,,,,,,,,,,,https://www.amazon.com/Elenco-Breadboard-830-Tie-Points/dp/B0002H4W28
"Rubie's Marvel: Avengers Endgame Child's Captain America Costume & Mask, Medium",Toys & Games | Dress Up & Pretend Play | Costumes,$23.67,ProductDimensions:18x14x3inches|ItemWeight:4ounces|ShippingWeight:12.8ounces(Viewshippingratesandpolicies)|ASIN:B07L91D7C9|Itemmodelnumber:700647_M|Manufacturerrecommendedage:5-7years,12.8 ounces,https://images-na.ssl-images-amazon.com/images/I/412HKFwoRCL.jpg|https://images-na.ssl-images-amazon.com/images/I/41%2B-mHkztvL.jpg|https://images-na.ssl-images-amazon.com/images/I/41InjKdp5gL.jpg|https://images-na.ssl-images-amazon.com/images/I/51ZwQkLFwbL.jpg|https://images-na.ssl-images-amazon.com/images/I/51I1fFrEGlL.jpg|https://images-na.ssl-images-amazon.com/images/G/01/x-locale/common/transparent-pixel.jpg,,,,,,,,,,,,,https://www.amazon.com/Rubies-Marvel-Avengers-Endgame-Captain/dp/B07L91D7C9
DreamWorks Trolls Biggie Talkin‚Äô Troll Plush Doll,Toys & Games | Stuffed Animals & Plush Toys | Plush Figures,$17.99,ProductDimensions:3x7x12inches|ItemWeight:12.3ounces|ShippingWeight:12.6ounces(Viewshippingratesandpolicies)|DomesticShipping:ItemcanbeshippedwithinU.S.|InternationalShipping:ThisitemcanbeshippedtoselectcountriesoutsideoftheU.S.LearnMore|ASIN:B01CCGQO54|Itemmodelnumber:B9381000|Manufacturerrecommendedage:4yearsandup|Batteries:2AAAbatteriesrequired.(included),12.6 ounces,https://images-na.ssl-images-amazon.com/images/I/41zczovKylL.jpg|https://images-na.ssl-images-amazon.com/images/I/51ZOJFUlZ7L.jpg|https://images-na.ssl-images-amazon.com/images/G/01/x-locale/common/transparent-pixel.jpg,,,,,,,,,,,,,https://www.amazon.com/DreamWorks-Trolls-Biggie-Talkin-Troll/dp/B01CCGQO54
Buffalo Games - New York Twilight - 300 Large Piece Jigsaw Puzzle,Toys & Games | Puzzles | Jigsaw Puzzles,$13.77,ProductDimensions:21.2x0.1x15inches|ItemWeight:3.52ounces|ShippingWeight:13.9ounces(Viewshippingratesandpolicies)|ASIN:B07BV1ZBMS|Itemmodelnumber:2540|Manufacturerrecommendedage:14months-8years,13.9 ounces,https://images-na.ssl-images-amazon.com/images/I/51VJEhIgs0L.jpg|https://images-na.ssl-images-amazon.com/images/I/515JUQyuSgL.jpg|https://images-na.ssl-images-amazon.com/images/I/41kvqulMWkL.jpg|https://images-na.ssl-images-amazon.com/images/G/01/x-locale/common/transparent-pixel.jpg,,,,,,,,,,,,,https://www.amazon.com/Buffalo-Games-Twilight-Jigsaw-Puzzle/dp/B07BV1ZBMS
"Hohner Kids MP383 Musical Shapes, 20 Piece, 3 Unique Shapes, Assorted Colors",Toys & Games | Learning & Education | Musical Instruments,$65.89,ProductDimensions:1x1x1inches|ItemWeight:1pounds|ShippingWeight:2.65pounds(Viewshippingratesandpolicies)|DomesticShipping:ItemcanbeshippedwithinU.S.|InternationalShipping:ThisitemcanbeshippedtoselectcountriesoutsideoftheU.S.LearnMore|ASIN:B004XQV0PG|Itemmodelnumber:MP383|Manufacturerrecommendedage:2-8months,2.65 pounds,https://images-na.ssl-images-amazon.com/images/I/51hb1cD6EkL.jpg|https://images-na.ssl-images-amazon.com/images/I/51I2UEC1YwL.jpg|https://images-na.ssl-images-amazon.com/images/I/41o9A6euVpL.jpg|https://images-na.ssl-images-amazon.com/images/I/41aB66B2iuL.jpg|https://images-na.ssl-images-amazon.com/images/G/01/x-locale/common/transparent-pixel.jpg,,,,,,,,,,,,,https://www.amazon.com/Hohner-Kids-MP383-Musical-20Piece/dp/B004XQV0PG
Rubie's Costume Co Baby Boys' Sonic Romper Costume,"Clothing, Shoes & Jewelry | Costumes & Accessories | Kids & Baby | Baby | Baby Boys",$33.00,,1 pounds,https://images-na.ssl-images-amazon.com/images/I/411aUXS%2BwGL.jpg|https://images-na.ssl-images-amazon.com/images/I/51YD81VlRdL.jpg|https://images-na.ssl-images-amazon.com/images/I/51yeOXOWaBL.jpg|https://images-na.ssl-images-amazon.com/images/G/01/x-locale/common/transparent-pixel.jpg,,,,,,,,,,,,,https://www.amazon.com/Rubies-Sonic-Romper-Costume-Multi/dp/B00TPK9W82
Steiff Harry Potter Plush Keychain,Toys & Games | Stuffed Animals & Plush Toys | Stuffed Animal Clothing & Accessories,$38.74,ProductDimensions:5.5x3.5x2.8inches|ItemWeight:0.96ounces|ShippingWeight:1.44ounces(Viewshippingratesandpolicies)|ASIN:B07G6CX3KS|Itemmodelnumber:355110|Manufacturerrecommendedage:0monthsandup,1.44 ounces,https://images-na.ssl-images-amazon.com/images/I/41D99ZL7EML.jpg|https://images-na.ssl-images-amazon.com/images/G/01/x-locale/common/transparent-pixel.jpg,,,,,,,,,,,,,https://www.amazon.com/Steiff-Harry-Potter-Animal-Multicolored/dp/B07G6CX3KS
Inlaid Cribbage Box with Cards,Toys & Games | Games & Accessories | Board Games,$43.00,ProductDimensions:11.2x4x2inches|ItemWeight:1.68pounds|ShippingWeight:1.75pounds(Viewshippingratesandpolicies)|ASIN:B009ZVX29Q|Itemmodelnumber:33603|Manufacturerrecommendedage:8yearsandup,1.75 pounds,https://images-na.ssl-images-amazon.com/images/I/41YoHZXi3oL.jpg|https://images-na.ssl-images-amazon.com/images/G/01/x-locale/common/transparent-pixel.jpg,,,,,,,,,,,,,https://www.amazon.com/Inlaid-Cribbage-Box-with-Cards/dp/B009ZVX29Q
"Vallejo Umber Wash, 17ml",,$5.84,,,https://images-na.ssl-images-amazon.com/images/I/41xhENWAL6L.jpg|https://images-na.ssl-images-amazon.com/images/G/01/x-locale/common/transparent-pixel.jpg,,,,,,,,,,,,,https://www.amazon.com/Vallejo-VJ73203-Umber-Wash-17ml/dp/B0058HZH7Q
Redcat Racing BS213-017 Blackout Chassis,Toys & Games | Hobbies | Remote & App Controlled Vehicles & Parts | Remote & App Controlled Vehicle Parts,$18.94,ProductDimensions:14x1x5inches|ItemWeight:6.9ounces|ShippingWeight:7ounces(Viewshippingratesandpolicies)|DomesticShipping:ItemcanbeshippedwithinU.S.|InternationalShipping:ThisitemcanbeshippedtoselectcountriesoutsideoftheU.S.LearnMore|ASIN:B00VNW8SIU|Itemmodelnumber:BS213-017|Manufacturerrecommendedage:14yearsandup,7 ounces,https://images-na.ssl-images-amazon.com/images/I/41-viYX-CnL.jpg|https://images-na.ssl-images-amazon.com/images/G/01/x-locale/common/transparent-pixel.jpg,,,,,,,,,,,,,https://www.amazon.com/Redcat-Racing-BS213-017-Blackout-Chassis/dp/B00VNW8SIU
Fashion Angels Garbage Can of Sand Art Fun (12291) Makes 3 Sand Art Pendants For Ages 3 and Up,Toys & Games | Arts & Crafts | Craft Kits,$9.99,ProductDimensions:5.5x5.5x7inches|ItemWeight:14.7ounces|ShippingWeight:14.9ounces(Viewshippingratesandpolicies)|ASIN:B07NX1MVYM|Itemmodelnumber:12291|Manufacturerrecommendedage:8yearsandup,14.9 ounces,https://images-na.ssl-images-amazon.com/images/I/41LniINn2FL.jpg|https://images-na.ssl-images-amazon.com/images/I/51ABg0c4JrL.jpg|https://images-na.ssl-images-amazon.com/images/I/41M5Ia6oUUL.jpg|https://images-na.ssl-images-amazon.com/images/I/41yx8C0ParL.jpg|https://images-na.ssl-images-amazon.com/images/I/41m4qtYC8wL.jpg|https://images-na.ssl-images-amazon.com/images/I/41cBq7gejGL.jpg|https://images-na.ssl-images-amazon.com/images/G/01/x-locale/common/transparent-pixel.jpg,,,,,,,,,,,,,https://www.amazon.com/Fashion-Angels-Garbage-Can-Sand/dp/B07NX1MVYM
Ninja Division NAS Howl & Yip Board Game,Toys & Games | Games & Accessories | Board Games,$3.07,ProductDimensions:1.5x2.7x3.7inches|ItemWeight:0.8ounces|ShippingWeight:0.8ounces(Viewshippingratesandpolicies)|DomesticShipping:ItemcanbeshippedwithinU.S.|InternationalShipping:ThisitemcanbeshippedtoselectcountriesoutsideoftheU.S.LearnMore|ASIN:B01N8RPXNZ|Itemmodelnumber:NJD010806|Manufacturerrecommendedage:14yearsandup,0.8 ounces,https://images-na.ssl-images-amazon.com/images/I/41isBMExnbL.jpg|https://images-na.ssl-images-amazon.com/images/G/01/x-locale/common/transparent-pixel.jpg,,,,,,,,,,,,,https://www.amazon.com/Ninja-Division-Howl-Board-Game/dp/B01N8RPXNZ
"Fisher-Price Nickelodeon Shimmer & Shine, Dragon Rider Farnaz",Toys & Games | Baby & Toddler Toys,$8.99,ProductDimensions:1x1x1inches|ItemWeight:4.8ounces|ShippingWeight:4.8ounces(Viewshippingratesandpolicies)|ASIN:B07HKKTJ34|Itemmodelnumber:GFX95|Manufacturerrecommendedage:36months-6years,4.8 ounces,https://images-na.ssl-images-amazon.com/images/I/51sgSo4wbEL.jpg|https://images-na.ssl-images-amazon.com/images/I/51sgSo4wbEL.jpg|https://images-na.ssl-images-amazon.com/images/G/01/x-locale/common/transparent-pixel.jpg,,,,,,,,,,,,,https://www.amazon.com/Fisher-Price-Nickelodeon-Shimmer-Dragon-Farnaz/dp/B07HKKTJ34
"Pyle Megaphone Speaker PA Bullhorn - with Built-in Siren 50 Watts Adjustable Volume Control & Record Function - Ideal for Football, Baseball, Cheerleading Fans, Coaches or for Safety Drills PMP58U",Sports & Outdoors | Sports & Fitness | Accessories | Coach & Referee Gear | Megaphones,$40.98,,,https://images-na.ssl-images-amazon.com/images/I/41tpQ7X2-bL.jpg|https://images-na.ssl-images-amazon.com/images/I/41dGind8JuL.jpg|https://images-na.ssl-images-amazon.com/images/I/51CEER83onL.jpg|https://images-na.ssl-images-amazon.com/images/I/51RIRRBKn8L.jpg|https://images-na.ssl-images-amazon.com/images/I/51izcWJZv7L.jpg|https://images-na.ssl-images-amazon.com/images/I/51kFK4GnyZL.jpg|https://images-na.ssl-images-amazon.com/images/I/51D6z52rA3L.jpg|https://images-na.ssl-images-amazon.com/images/G/01/x-locale/common/transparent-pixel.jpg,,,,,,,,,,,,,https://www.amazon.com/Pyle-Megaphone-Speaker-Bullhorn-Built/dp/B004HJ754O
"Creativity Street Round Beginner Paint Brushes, 10 Pack (AC5137)","Arts, Crafts & Sewing | Painting, Drawing & Art Supplies | Painting | Paintbrushes | Paintbrush Sets",$3.04,ProductDimensions:10x4x0.4inches|ItemWeight:1.6ounces|ShippingWeight:1.6ounces(Viewshippingratesandpolicies)|DomesticShipping:ItemcanbeshippedwithinU.S.|InternationalShipping:ThisitemcanbeshippedtoselectcountriesoutsideoftheU.S.LearnMore|ASIN:B009WO0I6Q|Itemmodelnumber:5137|Manufacturerrecommendedage:4-15years,1.6 ounces,https://images-na.ssl-images-amazon.com/images/I/41HhFmeOhBL.jpg|https://images-na.ssl-images-amazon.com/images/G/01/x-locale/common/transparent-pixel.jpg,,,,,,,,,,,,,https://www.amazon.com/Creativity-Street-Beginner-Brushes-AC5137/dp/B009WO0I6Q
EuroGraphics (EURHR Backyard Fun Dog by Gary Patterson 300Piece Puzzle 300Piece Jigsaw Puzzle,Toys & Games | Puzzles | Jigsaw Puzzles,$11.95,ProductDimensions:8x2.4x8inches|ItemWeight:1.23pounds|ShippingWeight:1.32pounds(Viewshippingratesandpolicies)|DomesticShipping:ItemcanbeshippedwithinU.S.|InternationalShipping:ThisitemcanbeshippedtoselectcountriesoutsideoftheU.S.LearnMore|ASIN:B078J72HS9|Itemmodelnumber:8300-5367|Manufacturerrecommendedage:6yearsandup,1.32 pounds,https://images-na.ssl-images-amazon.com/images/I/61vWXwMi6OL.jpg|https://images-na.ssl-images-amazon.com/images/I/51etsXPeBsL.jpg|https://images-na.ssl-images-amazon.com/images/I/51MkkBgeFIL.jpg|https://images-na.ssl-images-amazon.com/images/G/01/x-locale/common/transparent-pixel.jpg,,,,,,,,,,,,,https://www.amazon.com/EuroGraphics-Backyard-Patterson-300Piece-Puzzle/dp/B078J72HS9
Learning Resources Attribute Beads Set,Toys & Games | Learning & Education | Counting & Math Toys,$24.49,ProductDimensions:6.2x6.2x5inches|ItemWeight:1.23pounds|ShippingWeight:1.3pounds(Viewshippingratesandpolicies)|DomesticShipping:ItemcanbeshippedwithinU.S.|InternationalShipping:ThisitemcanbeshippedtoselectcountriesoutsideoftheU.S.LearnMore|ASIN:B00004WKS5|Itemmodelnumber:LER0560|Manufacturerrecommendedage:0-9years|Discontinuedbymanufacturer:Yes,1.3 pounds,https://images-na.ssl-images-amazon.com/images/I/41NX9T2bJ7L.jpg|https://images-na.ssl-images-amazon.com/images/I/51LRHxSPn6L.jpg|https://images-na.ssl-images-amazon.com/images/I/3168nYhR9XL.jpg|https://images-na.ssl-images-amazon.com/images/I/31EeqhS%2BPSL.jpg|https://images-na.ssl-images-amazon.com/images/I/41R0KOSheRL.jpg|https://images-na.ssl-images-amazon.com/images/G/01/x-locale/common/transparent-pixel.jpg,,,,,,,,,,,,,https://www.amazon.com/Learning-Resources-Attribute-Beads-Set/dp/B00004WKS5
Licenses Products DC Comics Originals Batman Logo Wristband,Toys & Games | Dress Up & Pretend Play | Beauty & Fashion | Bracelets,$4.26,ProductDimensions:4x1x0inches|ItemWeight:0.32ounces|ShippingWeight:0.32ounces(Viewshippingratesandpolicies)|DomesticShipping:ItemcanbeshippedwithinU.S.|InternationalShipping:ThisitemcanbeshippedtoselectcountriesoutsideoftheU.S.LearnMore|ASIN:B00DUT2UPQ|Itemmodelnumber:RWB-DC-0003|Manufacturerrecommendedage:4-15years,0.32 ounces,https://images-na.ssl-images-amazon.com/images/I/41VUwpvaggL.jpg|https://images-na.ssl-images-amazon.com/images/G/01/x-locale/common/transparent-pixel.jpg,,,,,,,,,,,,,https://www.amazon.com/Licenses-Products-Comics-Originals-Wristband/dp/B00DUT2UPQ
"Aurora 10817 8"" Tiger Plush Toy, Small, White",Toys & Games | Stuffed Animals & Plush Toys | Stuffed Animals & Teddy Bears,$10.61,ProductDimensions:4x9x4inches|ItemWeight:3.2ounces|ShippingWeight:3.2ounces(Viewshippingratesandpolicies)|ASIN:B007N6LIQY|Itemmodelnumber:10817|Manufacturerrecommendedage:3yearsandup,3.2 ounces,https://images-na.ssl-images-amazon.com/images/I/31dVTa%2BLr5L.jpg|https://images-na.ssl-images-amazon.com/images/G/01/x-locale/common/transparent-pixel.jpg,,,,,,,,,,,,,https://www.amazon.com/Aurora-10817-Tiger-Plush-Small/dp/B007N6LIQY
"Inflatable MegaMorph Fat Suit Costume For Adults And Children, Available in Various Designs","Clothing, Shoes & Jewelry | Costumes & Accessories | Kids & Baby | Boys | Costumes",$34.99,,,https://images-na.ssl-images-amazon.com/images/I/411rAKDBW5L.jpg|https://images-na.ssl-images-amazon.com/images/I/41LQCBatCFL.jpg|https://images-na.ssl-images-amazon.com/images/I/41ov%2BWej5jL.jpg|https://images-na.ssl-images-amazon.com/images/I/41lx3pSbkRL.jpg|https://images-na.ssl-images-amazon.com/images/I/41LYynPZY-L.jpg|https://images-na.ssl-images-amazon.com/images/G/01/x-locale/common/transparent-pixel.jpg,,,,,,,,,,,,,https://www.amazon.com/MorphCostumes-MegaMorph-Kids-Inflatable-Costume/dp/B01M4MADVV
"Aurora World Plush Graduation Bear, White Cap, 8.5""",Toys & Games | Stuffed Animals & Plush Toys | Stuffed Animals & Teddy Bears,$12.99,ProductDimensions:4x5.5x8inches|ItemWeight:4ounces|ShippingWeight:4ounces(Viewshippingratesandpolicies)|DomesticShipping:ItemcanbeshippedwithinU.S.|InternationalShipping:ThisitemcanbeshippedtoselectcountriesoutsideoftheU.S.LearnMore|ASIN:B00HAYRPGG|Itemmodelnumber:08705|Manufacturerrecommendedage:36months-15years,4 ounces,https://images-na.ssl-images-amazon.com/images/I/51U4d-CK2hL.jpg|https://images-na.ssl-images-amazon.com/images/G/01/x-locale/common/transparent-pixel.jpg,,,,,,,,,,,,,https://www.amazon.com/Aurora-World-Plush-Graduation-White/dp/B00HAYRPGG
Bloco Toys Inc The Chimpanzee,Toys & Games | Building Toys | Building Sets,$23.16,ProductDimensions:6x6x7inches|ItemWeight:8.8ounces|ShippingWeight:8.8ounces(Viewshippingratesandpolicies)|DomesticShipping:ItemcanbeshippedwithinU.S.|InternationalShipping:ThisitemcanbeshippedtoselectcountriesoutsideoftheU.S.LearnMore|ASIN:B0048EKRAM|Itemmodelnumber:BC-15002|Manufacturerrecommendedage:6-10years,8.8 ounces,https://images-na.ssl-images-amazon.com/images/I/41H8HTnjPWL.jpg|https://images-na.ssl-images-amazon.com/images/I/51oES3VeUOL.jpg|https://images-na.ssl-images-amazon.com/images/I/41gsYxmj08L.jpg|https://images-na.ssl-images-amazon.com/images/I/51xds60mfrL.jpg|https://images-na.ssl-images-amazon.com/images/I/41IKv0IP6LL.jpg|https://images-na.ssl-images-amazon.com/images/G/01/x-locale/common/transparent-pixel.jpg,,,,,,,,,,,,,https://www.amazon.com/Bloco-Toys-inc-The-Chimpanzee/dp/B0048EKRAM
Tachikara T-Rope Tetherball Attachment Rope,Sports & Outdoors | Sports & Fitness | Leisure Sports & Game Room | Outdoor Games & Activities | Tetherball,$3.11,Product Dimensions:         6 x 2 x 2 inches ; 2.88 ounces    |Shipping Weight: 4 ounces (View shipping rates and policies)|Domestic Shipping: Item can be shipped within U.S.|International Shipping: This item can be shipped to select countries outside of the U.S.  Learn More|ASIN: B001U29FSK|Item model number: T ROPE|    #16    in¬†Tetherball Equipment,4 ounces,https://images-na.ssl-images-amazon.com/images/I/31iv0vltx1L.jpg|https://images-na.ssl-images-amazon.com/images/G/01/x-locale/common/transparent-pixel.jpg,,,,,,,,,,,,,https://www.amazon.com/Tachikara-T-Rope-Tetherball-Attachment-Rope/dp/B001U29FSK
"Lunchskins LS4-TOTE-STRIPE-NAV Reusable Tote, Navy Blue Stripe",Home & Kitchen | Kitchen & Dining | Storage & Organization | Travel & To-Go Food Containers | Lunch Bags,$10.99,,,https://images-na.ssl-images-amazon.com/images/I/51J0WBvogQL.jpg|https://images-na.ssl-images-amazon.com/images/I/41JxZ-%2BRLVL.jpg|https://images-na.ssl-images-amazon.com/images/I/51jCiaUlGJL.jpg|https://images-na.ssl-images-amazon.com/images/I/41aVkTFQ%2BoL.jpg|https://images-na.ssl-images-amazon.com/images/G/01/x-locale/common/transparent-pixel.jpg,,,,,,,,,,,,,https://www.amazon.com/Lunchskins-LS4-TOTE-STRIPE-NAV-Reusable-Tote-Stripe/dp/B01N64258N
EuroGraphics 5425 Frida Portrait Puzzle (1000 Piece),Toys & Games | Puzzles | Jigsaw Puzzles,$17.69,ProductDimensions:26.6x19.2x0.2inches|ItemWeight:13.6ounces|ShippingWeight:1.66pounds(Viewshippingratesandpolicies)|ASIN:B07GZ98L5M|Itemmodelnumber:6000-5425|Manufacturerrecommendedage:5months-8years,1.66 pounds,https://images-na.ssl-images-amazon.com/images/I/51uHIM7HXlL.jpg|https://images-na.ssl-images-amazon.com/images/I/51ERogQET4L.jpg|https://images-na.ssl-images-amazon.com/images/I/41UyqkhPy5L.jpg|https://images-na.ssl-images-amazon.com/images/G/01/x-locale/common/transparent-pixel.jpg,,,,,,,,,,,,,https://www.amazon.com/EuroGraphics-Frida-Portrait-Puzzle-Piece/dp/B07GZ98L5M
Entertainment Earth Guardians of The Galaxy Groot Tiki Totem Action Figure,"Toys & Games | Collectible Toys | Statues, Bobbleheads & Busts",$5.23,ProductDimensions:2x2x2.9inches|ItemWeight:1.76ounces|ShippingWeight:4ounces(Viewshippingratesandpolicies)|DomesticShipping:ItemcanbeshippedwithinU.S.|InternationalShipping:ThisitemcanbeshippedtoselectcountriesoutsideoftheU.S.LearnMore|ASIN:B01N5W6M49|Itemmodelnumber:EE24847|Manufacturerrecommendedage:14yearsandup,4 ounces,https://images-na.ssl-images-amazon.com/images/I/41fOrUslyhL.jpg|https://images-na.ssl-images-amazon.com/images/G/01/x-locale/common/transparent-pixel.jpg,,,,,,,,,,,,,https://www.amazon.com/Entertainment-Earth-Guardians-Galaxy-Action/dp/B01N5W6M49
"Loftus SW-0249 4 Pc Classic Wooden Games in A Tin Set, 6 inches Long, Brown",Toys & Games | Baby & Toddler Toys | Sorting & Stacking Toys,$12.54,ProductDimensions:3.8x3.3x0.8inches|ItemWeight:3.2ounces|ShippingWeight:7.7ounces(Viewshippingratesandpolicies)|ASIN:B071R7GPM2|Itemmodelnumber:SW-0249|Manufacturerrecommendedage:36months-15years,7.7 ounces,https://images-na.ssl-images-amazon.com/images/I/51iIA7DgknL.jpg|https://images-na.ssl-images-amazon.com/images/G/01/x-locale/common/transparent-pixel.jpg,,,,,,,,,,,,,https://www.amazon.com/Classic-Wooden-Games-Tin-Set/dp/B071R7GPM2
"Hampton Nautical Red Painted Lifering with White Bands, 20""",Home & Kitchen | Home D√©cor | Kids' Room D√©cor,$36.70,ProductDimensions:20x2x20inches|ItemWeight:1pounds|ShippingWeight:1.6pounds(Viewshippingratesandpolicies)|Manufacturer:HandcraftedModelShipsLLC|ASIN:B00IPLNI8C|DomesticShipping:ItemcanbeshippedwithinU.S.|InternationalShipping:ThisitemcanbeshippedtoselectcountriesoutsideoftheU.S.LearnMore|ShippingAdvisory:Thisitemmustbeshippedseparatelyfromotheritemsinyourorder.Additionalshippingchargeswillnotapply.|Californiaresidents:ClickhereforProposition65warning|Itemmodelnumber:Lifering-20inch-418,1.6 pounds,https://images-na.ssl-images-amazon.com/images/I/31umLZxG-JL.jpg|https://images-na.ssl-images-amazon.com/images/I/41tDFNjSlbL.jpg|https://images-na.ssl-images-amazon.com/images/I/41%2Bx1qi7-XL.jpg|https://images-na.ssl-images-amazon.com/images/I/41ew7yfETHL.jpg|https://images-na.ssl-images-amazon.com/images/I/41RCDqL9FtL.jpg|https://images-na.ssl-images-amazon.com/images/I/41iDzSvAKyL.jpg|https://images-na.ssl-images-amazon.com/images/I/41vGc5HHDaL.jpg|https://images-na.ssl-images-amazon.com/images/G/01/x-locale/common/transparent-pixel.jpg,,,,,,,,,,,,,https://www.amazon.com/Hampton-Nautical-Painted-Lifering-White/dp/B00IPLNI8C
"Aurora 8"" Pink Unicorn",Toys & Games | Stuffed Animals & Plush Toys | Stuffed Animals & Teddy Bears,$10.51,ProductDimensions:5x6x8inches|ItemWeight:5.6ounces|ShippingWeight:5.6ounces(Viewshippingratesandpolicies)|ASIN:B07BMJX98J|Itemmodelnumber:16713|Manufacturerrecommendedage:3yearsandup,5.6 ounces,https://images-na.ssl-images-amazon.com/images/I/31MKAYGGjfL.jpg|https://images-na.ssl-images-amazon.com/images/I/41A55XcyUUL.jpg|https://images-na.ssl-images-amazon.com/images/G/01/x-locale/common/transparent-pixel.jpg,,,,,,,,,,,,,https://www.amazon.com/Aurora-World-Inc-Pink-Unicorn/dp/B07BMJX98J
Harry Potter Ron Weasley Yule Ball Doll,Toys & Games | Toy Figures & Playsets | Action Figures,$19.88,ProductDimensions:8x2.5x12.8inches|ItemWeight:8.5ounces|ShippingWeight:8.6ounces(Viewshippingratesandpolicies)|ASIN:B07PPD24SV|Itemmodelnumber:GFG15|Manufacturerrecommendedage:6-9years,8.6 ounces,https://images-na.ssl-images-amazon.com/images/I/41NjjrMxuJL.jpg|https://images-na.ssl-images-amazon.com/images/I/41aSTo7s0eL.jpg|https://images-na.ssl-images-amazon.com/images/I/51QZmT4AOYL.jpg|https://images-na.ssl-images-amazon.com/images/I/61bdi5UyyoL.jpg|https://images-na.ssl-images-amazon.com/images/I/31tCNsPn3GL.jpg|https://images-na.ssl-images-amazon.com/images/I/518vGw1P2KL.jpg|https://images-na.ssl-images-amazon.com/images/I/61aJDEdvn8L.jpg|https://images-na.ssl-images-amazon.com/images/G/01/x-locale/common/transparent-pixel.jpg,,,,,,,,,,,,,https://www.amazon.com/Harry-Potter-Weasley-Yule-Ball/dp/B07PPD24SV
"LeapFrog Learning Friends 100 Words Book, Green",Toys & Games | Kids' Electronics | Electronic Learning Toys,$18.99,ProductDimensions:9.4x9.2x1.9inches|ItemWeight:1.52pounds|ShippingWeight:1.6pounds(Viewshippingratesandpolicies)|ASIN:B07B6ZN7P8|Itemmodelnumber:80-601540|Manufacturerrecommendedage:18months-4years|Batteries:2AAbatteriesrequired.(included),1.6 pounds,https://images-na.ssl-images-amazon.com/images/I/51cIYVAS32L.jpg|https://images-na.ssl-images-amazon.com/images/I/51A1Sr1gnzL.jpg|https://images-na.ssl-images-amazon.com/images/I/51iquabz3fL.jpg|https://images-na.ssl-images-amazon.com/images/I/51Y-N45SyxL.jpg|https://images-na.ssl-images-amazon.com/images/I/41-c4LPaWLL.jpg|https://images-na.ssl-images-amazon.com/images/I/415u0-S67mL.jpg|https://images-na.ssl-images-amazon.com/images/I/618pANZLNrL.jpg|https://images-na.ssl-images-amazon.com/images/G/01/x-locale/common/transparent-pixel.jpg,,,,,,,,,,,,,https://www.amazon.com/LeapFrog-Learning-Friends-Words-Green/dp/B07B6ZN7P8
"Learning Resources Dino Math Tracks Game, Place Value, Counting, Addition and Subtraction Dinosaur Game, Ages 6+",Toys & Games | Games & Accessories | Board Games,$17.49,ProductDimensions:19.5x10x1.5inches|ItemWeight:3.2ounces|ShippingWeight:1pounds(Viewshippingratesandpolicies)|DomesticShipping:ItemcanbeshippedwithinU.S.|InternationalShipping:ThisitemcanbeshippedtoselectcountriesoutsideoftheU.S.LearnMore|ShippingAdvisory:Thisitemmustbeshippedseparatelyfromotheritemsinyourorder.Additionalshippingchargeswillnotapply.|ASIN:B00004TDKU|Itemmodelnumber:LER0712|Manufacturerrecommendedage:6-10years,1 pounds,https://images-na.ssl-images-amazon.com/images/I/61j02MKO-GL.jpg|https://images-na.ssl-images-amazon.com/images/I/51K1q7Q%2B2pL.jpg|https://images-na.ssl-images-amazon.com/images/I/41Wm4o7vthL.jpg|https://images-na.ssl-images-amazon.com/images/I/51r0gn0o5rL.jpg|https://images-na.ssl-images-amazon.com/images/I/51tL-beVFaL.jpg|https://images-na.ssl-images-amazon.com/images/I/51BTveGFRUL.jpg|https://images-na.ssl-images-amazon.com/images/I/517JP06S4RL.jpg|https://images-na.ssl-images-amazon.com/images/G/01/x-locale/common/transparent-pixel.jpg,,,,,,,,,,,,,https://www.amazon.com/Learning-Resources-Dino-Math-Tracks/dp/B00004TDKU
"Star Wars Child's Boba Fett Costume, Medium",Toys & Games | Dress Up & Pretend Play | Costumes,$19.96,ProductDimensions:14.3x10.4x3inches|ItemWeight:12.8ounces|ShippingWeight:12.8ounces(Viewshippingratesandpolicies)|DomesticShipping:ItemcanbeshippedwithinU.S.|InternationalShipping:ThisitemcanbeshippedtoselectcountriesoutsideoftheU.S.LearnMore|ASIN:B000W5QLZG|Itemmodelnumber:883036M|Manufacturerrecommendedage:5-7years,12.8 ounces,https://images-na.ssl-images-amazon.com/images/I/41F9cHY0saL.jpg|https://images-na.ssl-images-amazon.com/images/I/51bV00CM93L.jpg|https://images-na.ssl-images-amazon.com/images/I/51ZwQkLFwbL.jpg|https://images-na.ssl-images-amazon.com/images/G/01/x-locale/common/transparent-pixel.jpg,,,,,,,,,,,,,https://www.amazon.com/Star-Wars-Childs-Costume-Medium/dp/B000W5QLZG
Kid's Cowboy Wall Vinyl Sticker Growth Chart 2ft - 5ft - Black,Baby Products | Nursery | D√©cor | Wall D√©cor | Growth Charts,$27.57,"ASIN:B005XOQNVS|ShippingWeight:1.6ounces(Viewshippingratesandpolicies)|DomesticShipping:ItemcanbeshippedwithinU.S.|InternationalShipping:ThisitemcanbeshippedtoselectcountriesoutsideoftheU.S.LearnMore|DateFirstAvailable:October20,2011",1.6 ounces,https://images-na.ssl-images-amazon.com/images/I/41dFBBOj78L.jpg|https://images-na.ssl-images-amazon.com/images/I/51%2BXaueCJ8L.jpg|https://images-na.ssl-images-amazon.com/images/G/01/x-locale/common/transparent-pixel.jpg,,,,,,,,,,,,,https://www.amazon.com/Wall-Decor-Plus-More-Sticker/dp/B005XOQNVS
LOL Surprise Fashion Tape Dress by Horizon Group USA,Toys & Games | Arts & Crafts | Craft Kits,$6.99,ProductDimensions:11.9x2.1x9inches|ItemWeight:6.4ounces|ShippingWeight:6.4ounces(Viewshippingratesandpolicies)|ASIN:B07RB7M1HM|Itemmodelnumber:84653|Manufacturerrecommendedage:6yearsandup,6.4 ounces,https://images-na.ssl-images-amazon.com/images/I/51ctP0v1ApL.jpg|https://images-na.ssl-images-amazon.com/images/I/51YstLAA4XL.jpg|https://images-na.ssl-images-amazon.com/images/I/51XjGpv4XeL.jpg|https://images-na.ssl-images-amazon.com/images/I/41mPP%2BJ08nL.jpg|https://images-na.ssl-images-amazon.com/images/I/51Gd6PYFACL.jpg|https://images-na.ssl-images-amazon.com/images/G/01/x-locale/common/transparent-pixel.jpg,,,,,,,,,,,,,https://www.amazon.com/Surprise-Fashion-Dress-Horizon-Group/dp/B07RB7M1HM
"Melissa & Doug Star Diner Restaurant (Play Set & Kitchen, Wooden Diner Play Set, Two Play Spaces in One, 35"" H x 23"" W x 43.5"" L, Great Gift for Girls and Boys - Best for 3, 4, 5 Year Olds and Up)",Toys & Games | Dress Up & Pretend Play | Pretend Play,$163.48,ProductDimensions:43.5x23x35inches|ItemWeight:50pounds|ShippingWeight:53pounds(Viewshippingratesandpolicies)|DomesticShipping:ItemcanbeshippedwithinU.S.|InternationalShipping:Thisitemisnoteligibleforinternationalshipping.LearnMore|ASIN:B072N3Y64F|Itemmodelnumber:3951|Manufacturerrecommendedage:36months-5years,53 pounds,https://images-na.ssl-images-amazon.com/images/I/51GLYK04k%2BL.jpg|https://images-na.ssl-images-amazon.com/images/I/51NVY1iz6WL.jpg|https://images-na.ssl-images-amazon.com/images/I/518azAivetL.jpg|https://images-na.ssl-images-amazon.com/images/I/51-2Zrux0xL.jpg|https://images-na.ssl-images-amazon.com/images/I/51BvWpkMVBL.jpg|https://images-na.ssl-images-amazon.com/images/I/51PmCfiuQuL.jpg|https://images-na.ssl-images-amazon.com/images/I/911SAODddJL.jpg|https://images-na.ssl-images-amazon.com/images/G/01/x-locale/common/transparent-pixel.jpg,,,,,,,,,,,,,https://www.amazon.com/Melissa-Doug-Star-Diner-Restaurant/dp/B072N3Y64F
Elenco Line Tracking Robot Kit,Toys & Games | Learning & Education | Science Kits & Toys,$29.95,ProductDimensions:8.2x6.2x3.8inches|ItemWeight:11.2ounces|ShippingWeight:11.2ounces(Viewshippingratesandpolicies)|DomesticShipping:ItemcanbeshippedwithinU.S.|InternationalShipping:ThisitemcanbeshippedtoselectcountriesoutsideoftheU.S.LearnMore|ASIN:B0016KWJBG|Californiaresidents:ClickhereforProposition65warning|Itemmodelnumber:21-890|Manufacturerrecommendedage:13-17years|Batteries:2AAbatteriesrequired.,11.2 ounces,https://images-na.ssl-images-amazon.com/images/I/41XWaFa-NtL.jpg|https://images-na.ssl-images-amazon.com/images/I/51k0ykzzXwL.jpg|https://images-na.ssl-images-amazon.com/images/I/41IrM2Upy7L.jpg|https://images-na.ssl-images-amazon.com/images/I/31SqWvam8oL.jpg|https://images-na.ssl-images-amazon.com/images/G/01/x-locale/common/transparent-pixel.jpg,,,,,,,,,,,,,https://www.amazon.com/Elenco-Line-Tracking-Robot-Kit/dp/B0016KWJBG
Nerf Sports Pro Grip Football (blue football),Sports & Outdoors | Sports & Fitness | Leisure Sports & Game Room | Outdoor Games & Activities | Balls | Playground Balls,$16.97,ProductDimensions:5x6.3x10inches|ItemWeight:9ounces|ShippingWeight:9ounces(Viewshippingratesandpolicies)|DomesticShipping:ItemcanbeshippedwithinU.S.|InternationalShipping:ThisitemcanbeshippedtoselectcountriesoutsideoftheU.S.LearnMore|ASIN:B075LNDN9F|Itemmodelnumber:E1290|Manufacturerrecommendedage:4yearsandup,9 ounces,https://images-na.ssl-images-amazon.com/images/I/51WMoDb9lUL.jpg|https://images-na.ssl-images-amazon.com/images/I/51P0M8R2kQL.jpg|https://images-na.ssl-images-amazon.com/images/I/31z0UAisNgL.jpg|https://images-na.ssl-images-amazon.com/images/G/01/x-locale/common/transparent-pixel.jpg,,,,,,,,,,,,,https://www.amazon.com/Nerf-Sports-Grip-Football-football/dp/B075LNDN9F
Lord of the Rings LCG: The Road Darkens,Toys & Games | Games & Accessories | Card Games,$23.96,ProductDimensions:8x8x1.5inches|ItemWeight:15.2ounces|ShippingWeight:15.2ounces(Viewshippingratesandpolicies)|DomesticShipping:ItemcanbeshippedwithinU.S.|InternationalShipping:ThisitemcanbeshippedtoselectcountriesoutsideoftheU.S.LearnMore|ASIN:161661885X|Itemmodelnumber:MEC34|Manufacturerrecommendedage:13-15years,15.2 ounces,https://images-na.ssl-images-amazon.com/images/I/61Dp4s-e8CL.jpg|https://images-na.ssl-images-amazon.com/images/G/01/x-locale/common/transparent-pixel.jpg,,,,,,,,,,,,,https://www.amazon.com/Lord-Rings-LCG-Road-Darkens/dp/161661885X
Rubie's Costume Co Cleopatra Headpiece-Mesh Costume,"Clothing, Shoes & Jewelry | Costumes & Accessories",$15.99,,4.8 ounces,https://images-na.ssl-images-amazon.com/images/I/51XhvkkLlKL.jpg|https://images-na.ssl-images-amazon.com/images/G/01/x-locale/common/transparent-pixel.jpg,,,,,,,,,,,,,https://www.amazon.com/Rubies-Costume-Co-Cleopatra-Headpiece-Mesh/dp/B000IDC1XS
"""Happy New Year"" Silver Plastic Bling Necklace | Party Accessory, 6 Ct",Toys & Games | Party Supplies | Party Favors,$14.15,ProductDimensions:7.4x5.5x2.4inches|ItemWeight:9.6ounces|ShippingWeight:9.6ounces(Viewshippingratesandpolicies)|ASIN:B07NW8ZGVN|Itemmodelnumber:396431|Manufacturerrecommendedage:0-10years,9.6 ounces,https://images-na.ssl-images-amazon.com/images/I/31Xj1Zut6nL.jpg|https://images-na.ssl-images-amazon.com/images/G/01/x-locale/common/transparent-pixel.jpg,,,,,,,,,,,,,https://www.amazon.com/Happy-Silver-Plastic-Necklace-Accessory/dp/B07NW8ZGVN
"Marvel Avengers 2-In-1 Muscle Chest Hulk/Captain America Deluxe Costume, Small","Clothing, Shoes & Jewelry | Costumes & Accessories | Kids & Baby | Boys | Costumes",$24.42,ProductDimensions:18x12x3inches|ItemWeight:5.6ounces|ShippingWeight:12.8ounces(Viewshippingratesandpolicies)|DomesticShipping:ItemcanbeshippedwithinU.S.|InternationalShipping:ThisitemcanbeshippedtoselectcountriesoutsideoftheU.S.LearnMore|ASIN:B00HA4YM80|Itemmodelnumber:620023_S|Manufacturerrecommendedage:36months-4years,12.8 ounces,https://images-na.ssl-images-amazon.com/images/I/41ybQEqniCL.jpg|https://images-na.ssl-images-amazon.com/images/I/61YX%2Brr3oWL.jpg|https://images-na.ssl-images-amazon.com/images/I/41HXPp1LNEL.jpg|https://images-na.ssl-images-amazon.com/images/I/41jDI72r7LL.jpg|https://images-na.ssl-images-amazon.com/images/I/516mmCpZ9UL.jpg|https://images-na.ssl-images-amazon.com/images/I/51ZwQkLFwbL.jpg|https://images-na.ssl-images-amazon.com/images/G/01/x-locale/common/transparent-pixel.jpg,,,,,,,,,,,,,https://www.amazon.com/Marvel-Avengers-Captain-America-Costume/dp/B00HA4YM80
"Edushape Hand Drum Musical Toy, Multicolor",Toys & Games | Learning & Education | Musical Instruments | Drums & Percussion,$12.49,,,https://images-na.ssl-images-amazon.com/images/I/41QOGblgXaL.jpg|https://images-na.ssl-images-amazon.com/images/I/41r9wfKFHfL.jpg|https://images-na.ssl-images-amazon.com/images/I/41ocBRMnpTL.jpg|https://images-na.ssl-images-amazon.com/images/G/01/x-locale/common/transparent-pixel.jpg,,,,,,,,,,,,,https://www.amazon.com/Edushape-Hand-Drum-Musical-Multicolor/dp/B000NNQ34Q
Style Me Up! Candy Pop to Go Cupcake Purple,Toys & Games | Arts & Crafts | Craft Kits | Jewelry,$7.63,ProductDimensions:15.8x2.5x5.1inches|ItemWeight:5.3ounces|ShippingWeight:5.6ounces(Viewshippingratesandpolicies)|DomesticShipping:ItemcanbeshippedwithinU.S.|InternationalShipping:ThisitemcanbeshippedtoselectcountriesoutsideoftheU.S.LearnMore|ASIN:B071YD1HCM|Itemmodelnumber:SMU-11360|Manufacturerrecommendedage:6-13years,5.6 ounces,https://images-na.ssl-images-amazon.com/images/I/51sUAM5e7nL.jpg|https://images-na.ssl-images-amazon.com/images/I/51Fv8F589xL.jpg|https://images-na.ssl-images-amazon.com/images/G/01/x-locale/common/transparent-pixel.jpg,,,,,,,,,,,,,https://www.amazon.com/Style-Me-Up-Cupcake-Purple/dp/B071YD1HCM
Rise of The Teenage Mutant Ninja Turtle Donatello Side Flip Ninja Attack Deluxe Figure,,$10.47,ProductDimensions:4.5x2x9inches|ItemWeight:8.5ounces|ShippingWeight:9ounces(Viewshippingratesandpolicies)|ASIN:B07DNX9752|Itemmodelnumber:81402|Manufacturerrecommendedage:3yearsandup|Batteries:3LR44batteriesrequired.,9 ounces,https://images-na.ssl-images-amazon.com/images/I/51oan5fJC3L.jpg|https://images-na.ssl-images-amazon.com/images/I/519r0Dz-QDL.jpg|https://images-na.ssl-images-amazon.com/images/I/41beLmRvRWL.jpg|https://images-na.ssl-images-amazon.com/images/I/415s0Q7TooL.jpg|https://images-na.ssl-images-amazon.com/images/I/51h9r9oeTjL.jpg|https://images-na.ssl-images-amazon.com/images/I/51q6B8wws2L.jpg|https://images-na.ssl-images-amazon.com/images/I/51sGUIVoFPL.jpg|https://images-na.ssl-images-amazon.com/images/G/01/x-locale/common/transparent-pixel.jpg,,,,,,,,,,,,,https://www.amazon.com/Rise-Teenage-Mutant-Ninja-Turtles/dp/B07DNX9752
DJECO Batasaurus,Toys & Games | Games & Accessories | Card Games,$8.52,ProductDimensions:7.1x3.8x1.2inches|ItemWeight:6.4ounces|ShippingWeight:6.4ounces(Viewshippingratesandpolicies)|ASIN:B01DF4TETA|Itemmodelnumber:35136A|Manufacturerrecommendedage:5yearsandup,6.4 ounces,https://images-na.ssl-images-amazon.com/images/I/51-y%2BbzewhL.jpg|https://images-na.ssl-images-amazon.com/images/I/41TEuc0KS8L.jpg|https://images-na.ssl-images-amazon.com/images/I/410d%2B4r1yYL.jpg|https://images-na.ssl-images-amazon.com/images/I/41--qc4iQWL.jpg|https://images-na.ssl-images-amazon.com/images/G/01/x-locale/common/transparent-pixel.jpg,,,,,,,,,,,,,https://www.amazon.com/Djeco-batasaurus-Card-Game-35136-a/dp/B01DF4TETA
"Edupress Common Core Task Cards, Language, Grade 6 (EP63354)",Toys & Games | Learning & Education | Flash Cards,$9.99,"ASIN:B00I0CDK2K|ShippingWeight:7.2ounces(Viewshippingratesandpolicies)|DateFirstAvailable:January23,2014",7.2 ounces,https://images-na.ssl-images-amazon.com/images/I/51IK-mJXqVL.jpg|https://images-na.ssl-images-amazon.com/images/G/01/x-locale/common/transparent-pixel.jpg,,,,,,,,,,,,,https://www.amazon.com/Edupress-Common-Cards-Language-EP63354/dp/B00I0CDK2K
BathBlocks STEM Floating Construction Set,Toys & Games | Building Toys,$24.99,ProductDimensions:11x8x5inches|ItemWeight:9.6ounces|ShippingWeight:9.6ounces(Viewshippingratesandpolicies)|ASIN:B07V21FT6H|Itemmodelnumber:24050|Manufacturerrecommendedage:36months-8years,9.6 ounces,https://images-na.ssl-images-amazon.com/images/I/51SkAy2PreL.jpg|https://images-na.ssl-images-amazon.com/images/I/51Wr7ghvGYL.jpg|https://images-na.ssl-images-amazon.com/images/I/51DmFC%2Bn2%2BL.jpg|https://images-na.ssl-images-amazon.com/images/I/51i1HJXPHoL.jpg|https://images-na.ssl-images-amazon.com/images/I/51WfiR3W3sL.jpg|https://images-na.ssl-images-amazon.com/images/I/51txkVCG3uL.jpg|https://images-na.ssl-images-amazon.com/images/G/01/x-locale/common/transparent-pixel.jpg,,,,,,,,,,,,,https://www.amazon.com/BathBlocks-STEM-Floating-Construction-Set/dp/B07V21FT6H
"Beistle 50354 Party Supplies, 8"" x 5¬Ω"" x 5¬Ω"", Multicolored",Home & Kitchen | Home D√©cor | Home D√©cor Accents | Decorative Accessories | Decorative Boxes,$12.59,,,https://images-na.ssl-images-amazon.com/images/I/51YeISFWWwL.jpg|https://images-na.ssl-images-amazon.com/images/I/316UUYcMGML.jpg|https://images-na.ssl-images-amazon.com/images/G/01/x-locale/common/transparent-pixel.jpg,,,,,,,,,,,,,https://www.amazon.com/Beistle-50354-Party-Supplies-Multicolored/dp/B005OMUWS4
COBI Historical Collection Battleship Tirpitz,Toys & Games | Hobbies | Models & Model Kits | Model Kits,$149.99,ProductDimensions:27.2x3.1x12.6inches|ItemWeight:1.1pounds|ShippingWeight:6.31pounds(Viewshippingratesandpolicies)|ASIN:B07HZ324QJ|Itemmodelnumber:4809|Manufacturerrecommendedage:10-15years,6.31 pounds,https://images-na.ssl-images-amazon.com/images/I/51cGDkwAKfL.jpg|https://images-na.ssl-images-amazon.com/images/I/51k3oR6v4PL.jpg|https://images-na.ssl-images-amazon.com/images/I/41iRlGr80vL.jpg|https://images-na.ssl-images-amazon.com/images/I/41ETWgWObWL.jpg|https://images-na.ssl-images-amazon.com/images/I/51Ghc6Lx1aL.jpg|https://images-na.ssl-images-amazon.com/images/I/51gl2kQ0ygL.jpg|https://images-na.ssl-images-amazon.com/images/I/51JHPDEdoJL.jpg|https://images-na.ssl-images-amazon.com/images/G/01/x-locale/common/transparent-pixel.jpg,,,,,,,,,,,,,https://www.amazon.com/COBI-Historical-Collection-Battleship-Tirpitz/dp/B07HZ324QJ
Create-A-Scene Magnetic Playset - Dinosaurs,Toys & Games | Dress Up & Pretend Play | Pretend Play | Magnetic & Felt Playboards,$9.29,ProductDimensions:14x9x0.2inches|ItemWeight:14.4ounces|ShippingWeight:14.4ounces(Viewshippingratesandpolicies)|DomesticShipping:ItemcanbeshippedwithinU.S.|InternationalShipping:ThisitemcanbeshippedtoselectcountriesoutsideoftheU.S.LearnMore|ASIN:B00155GNSM|Itemmodelnumber:7131|Manufacturerrecommendedage:36months-15years,14.4 ounces,https://images-na.ssl-images-amazon.com/images/I/61vh7Hm8FrL.jpg|https://images-na.ssl-images-amazon.com/images/I/61b1IoG6LrL.jpg|https://images-na.ssl-images-amazon.com/images/I/61xwf4Ir-ML.jpg|https://images-na.ssl-images-amazon.com/images/I/61RZcmdqBsL.jpg|https://images-na.ssl-images-amazon.com/images/G/01/x-locale/common/transparent-pixel.jpg,,,,,,,,,,,,,https://www.amazon.com/PlayMonster-7131-Create-A-Scene-Magnetic-Playset/dp/B00155GNSM
Star Trek Frontiers (Star Trek Themed Mage Knight) Board Game,Toys & Games | Games & Accessories | Board Games,$53.95,ProductDimensions:15.5x11.2x20inches|ItemWeight:3.2pounds|ShippingWeight:3.5pounds(Viewshippingratesandpolicies)|DomesticShipping:ItemcanbeshippedwithinU.S.|InternationalShipping:ThisitemcanbeshippedtoselectcountriesoutsideoftheU.S.LearnMore|ASIN:B01HIURHW8|Itemmodelnumber:72050|Manufacturerrecommendedage:14yearsandup,3.5 pounds,https://images-na.ssl-images-amazon.com/images/I/51EQDt70AHL.jpg|https://images-na.ssl-images-amazon.com/images/I/611Pj67s6DL.jpg|https://images-na.ssl-images-amazon.com/images/I/51QdFZYkGDL.jpg|https://images-na.ssl-images-amazon.com/images/G/01/x-locale/common/transparent-pixel.jpg,,,,,,,,,,,,,https://www.amazon.com/Star-Frontiers-Themed-Knight-Board/dp/B01HIURHW8
Small World Toys Fashion - Bead Gallery Craft Kit,Toys & Games | Arts & Crafts | Craft Kits | Jewelry,$9.99,ProductDimensions:10x2.5x10inches|ItemWeight:15.8ounces|ShippingWeight:1pounds(Viewshippingratesandpolicies)|DomesticShipping:ItemcanbeshippedwithinU.S.|InternationalShipping:ThisitemcanbeshippedtoselectcountriesoutsideoftheU.S.LearnMore|ASIN:B005HYE3ES|Itemmodelnumber:9725412|Manufacturerrecommendedage:8-12years,1 pounds,https://images-na.ssl-images-amazon.com/images/I/61tDTo69KML.jpg|https://images-na.ssl-images-amazon.com/images/I/41cWmYz5e7L.jpg|https://images-na.ssl-images-amazon.com/images/I/41ndWiwGSDL.jpg|https://images-na.ssl-images-amazon.com/images/I/41HqM8j0TML.jpg|https://images-na.ssl-images-amazon.com/images/G/01/x-locale/common/transparent-pixel.jpg,,,,,,,,,,,,,https://www.amazon.com/Small-World-Toys-Fashion-Gallery/dp/B005HYE3ES
"Neon Super Hero Mask, Party Accessory","Clothing, Shoes & Jewelry | Costumes & Accessories | Men | Masks",$4.99,ProductDimensions:3.8x7.4x0.5inches|ItemWeight:0.64ounces|ShippingWeight:0.64ounces(Viewshippingratesandpolicies)|DomesticShipping:ItemcanbeshippedwithinU.S.|InternationalShipping:ThisitemcanbeshippedtoselectcountriesoutsideoftheU.S.LearnMore|ASIN:B014B220TG|Itemmodelnumber:395937|Manufacturerrecommendedage:4-12years,0.64 ounces,https://images-na.ssl-images-amazon.com/images/I/319Ap6M3tbL.jpg|https://images-na.ssl-images-amazon.com/images/G/01/x-locale/common/transparent-pixel.jpg,,,,,,,,,,,,,https://www.amazon.com/Neon-Super-Hero-Party-Accessory/dp/B014B220TG
Tamiya 14137 1/12 Street Motorcycle Rider Plastic Model Kit,Toys & Games | Hobbies | Models & Model Kits | Model Kits | Motorcycle Kits,$18.70,ProductDimensions:11.4x7.5x1.8inches|ItemWeight:6.4ounces|ShippingWeight:6.4ounces|ASIN:B07XBJJ1KY|Itemmodelnumber:TAM14137|Manufacturerrecommendedage:16-16years,6.4 ounces,https://images-na.ssl-images-amazon.com/images/I/31Vue0cP4OL.jpg|https://images-na.ssl-images-amazon.com/images/I/41puDp1KdHL.jpg|https://images-na.ssl-images-amazon.com/images/I/41zApOirL3L.jpg|https://images-na.ssl-images-amazon.com/images/I/41EsO1ASrpL.jpg|https://images-na.ssl-images-amazon.com/images/I/51oQrPpMvDL.jpg|https://images-na.ssl-images-amazon.com/images/G/01/x-locale/common/transparent-pixel.jpg,,,,,,,,,,,,,https://www.amazon.com/Tamiya-14137-Street-Motorcycle-Plastic/dp/B07XBJJ1KY
The Meeples Board Game Addict T-Shirt,Toys & Games | Games & Accessories | Board Games,$17.99,,4.8 ounces,https://m.media-amazon.com/images/I/A13usaonutL.jpg|https://m.media-amazon.com/images/G/01/Merch/SizeChart/ATVPDKIKX0DER/HOUSEjpg|https://images-na.ssl-images-amazon.com/images/G/01/x-locale/common/transparent-pixel.jpg,,,,,,,,,,,,,https://www.amazon.com/Meeples-Board-Game-Addict-T-Shirt/dp/B07KWCNYZB
Barbie Complete Looks Wonder Woman Fashion FXK83,Toys & Games | Dolls & Accessories | Playsets,$4.99,ProductDimensions:9x1x4.5inches|ItemWeight:1.92ounces|ShippingWeight:2.4ounces(Viewshippingratesandpolicies)|ASIN:B07DQ32D2H|Itemmodelnumber:FXK83|Manufacturerrecommendedage:36months-7years,2.4 ounces,https://images-na.ssl-images-amazon.com/images/I/51wAqO8T1mL.jpg|https://images-na.ssl-images-amazon.com/images/I/5187VOK-sQL.jpg|https://images-na.ssl-images-amazon.com/images/I/51iEC1tWACL.jpg|https://images-na.ssl-images-amazon.com/images/G/01/x-locale/common/transparent-pixel.jpg,,,,,,,,,,,,,https://www.amazon.com/Barbie-Complete-Wonder-Fashion-FXK83/dp/B07DQ32D2H
Rubie's Women's Batman v Superman: Dawn of Justice Wonder Woman Costume Top,"Clothing, Shoes & Jewelry | Costumes & Accessories | Women | Costumes & Cosplay Apparel | Costumes",$18.22,ProductDimensions:14.7x10.3x0.5inches|ItemWeight:4ounces|ShippingWeight:5.6ounces(Viewshippingratesandpolicies)|DomesticShipping:ItemcanbeshippedwithinU.S.|InternationalShipping:ThisitemcanbeshippedtoselectcountriesoutsideoftheU.S.LearnMore|ASIN:B019K83AJA|Itemmodelnumber:810909|Manufacturerrecommendedage:4-12years,5.6 ounces,https://images-na.ssl-images-amazon.com/images/I/41pRqDg-oXL.jpg|https://images-na.ssl-images-amazon.com/images/G/01/x-locale/common/transparent-pixel.jpg,,,,,,,,,,,,,https://www.amazon.com/Rubies-Womens-Batman-Superman-Justice/dp/B019K83AJA
CMON Bloodborne,Toys & Games | Games & Accessories | Card Games,$26.63,ProductDimensions:9.8x9.8x2.2inches|ItemWeight:2pounds|ShippingWeight:2.6pounds(Viewshippingratesandpolicies)|DomesticShipping:ItemcanbeshippedwithinU.S.|InternationalShipping:ThisitemcanbeshippedtoselectcountriesoutsideoftheU.S.LearnMore|ASIN:B01HYVKY80|Itemmodelnumber:BBN001|Manufacturerrecommendedage:14yearsandup,2.6 pounds,https://images-na.ssl-images-amazon.com/images/I/51Uq3XUO9FL.jpg|https://images-na.ssl-images-amazon.com/images/I/510PCdwDWgL.jpg|https://images-na.ssl-images-amazon.com/images/I/51pVcdkZAtL.jpg|https://images-na.ssl-images-amazon.com/images/I/51bEUvDfKAL.jpg|https://images-na.ssl-images-amazon.com/images/I/51XBOGR6KkL.jpg|https://images-na.ssl-images-amazon.com/images/G/01/x-locale/common/transparent-pixel.jpg,,,,,,,,,,,,,https://www.amazon.com/CMON-BBN001-Bloodborne/dp/B01HYVKY80
"DII Collapsible Polyester Storage Basket or Bin with Durable Cotton Handles, Home Organizer Solution for Office, Bedroom Closet, Toys, Laundry, Large, Aqua",,$16.91,ProductDimensions:18x15x12inches|ItemWeight:1pounds|ShippingWeight:1.15pounds(Viewshippingratesandpolicies)|Manufacturer:DII|ASIN:B076HN8JPD|Itemmodelnumber:CAMZ10046,1.15 pounds,https://images-na.ssl-images-amazon.com/images/I/51O1bN34rtL.jpg|https://images-na.ssl-images-amazon.com/images/I/61WO2YiA0VL.jpg|https://images-na.ssl-images-amazon.com/images/I/61Ky0lfb5rL.jpg|https://images-na.ssl-images-amazon.com/images/I/41B0s0fiOsL.jpg|https://images-na.ssl-images-amazon.com/images/I/41pei6fK0LL.jpg|https://images-na.ssl-images-amazon.com/images/I/51OEXvrhYjL.jpg|https://images-na.ssl-images-amazon.com/images/I/71io4R8BnRL.jpg|https://images-na.ssl-images-amazon.com/images/G/01/x-locale/common/transparent-pixel.jpg,,,,,,,,,,,,,https://www.amazon.com/DII-Collapsible-Polyester-Organizer-Solution/dp/B076HN8JPD
ERTL Big Farm Logging Truck with Pup Trailer & Logs,Toys & Games | Toy Figures & Playsets | Playsets & Vehicles | Vehicles,$72.99,ProductDimensions:34.8x7x9.8inches|ItemWeight:2pounds|ShippingWeight:6.35pounds(Viewshippingratesandpolicies)|ASIN:B07B3246SN|Itemmodelnumber:46720|Manufacturerrecommendedage:3yearsandup|Batteries:3AAAbatteriesrequired.(included),6.35 pounds,https://images-na.ssl-images-amazon.com/images/I/410ps36bsQL.jpg|https://images-na.ssl-images-amazon.com/images/I/41Z3RcCqpuL.jpg|https://images-na.ssl-images-amazon.com/images/I/41fPUVykZWL.jpg|https://images-na.ssl-images-amazon.com/images/G/01/x-locale/common/transparent-pixel.jpg,,,,,,,,,,,,,https://www.amazon.com/ERTL-46720-Peterbilt-Logging-Multicolor/dp/B07B3246SN
"Jada Toys Fast & Furious Brian's Ford F-150 SVT Lightning, 1:24 Scale Die-Cast Vehicle, Red",Toys & Games | Play Vehicles,$17.60,ProductDimensions:8.8x3.2x3inches|ItemWeight:1.37pounds|ShippingWeight:1.37pounds(Viewshippingratesandpolicies)|ASIN:B07GDVQ4BB|Itemmodelnumber:99574|Manufacturerrecommendedage:8yearsandup,1.37 pounds,https://images-na.ssl-images-amazon.com/images/I/41SpHrudkdL.jpg|https://images-na.ssl-images-amazon.com/images/I/31ruLBXxkUL.jpg|https://images-na.ssl-images-amazon.com/images/I/41HJNybyjKL.jpg|https://images-na.ssl-images-amazon.com/images/I/41yqckhwdtL.jpg|https://images-na.ssl-images-amazon.com/images/I/31W7jrw2CpL.jpg|https://images-na.ssl-images-amazon.com/images/I/31BwOSGhnnL.jpg|https://images-na.ssl-images-amazon.com/images/I/41qXhZV5pkL.jpg|https://images-na.ssl-images-amazon.com/images/G/01/x-locale/common/transparent-pixel.jpg,,,,,,,,,,,,,https://www.amazon.com/Jada-Furious-Lightning-Die-Cast-Collectible/dp/B07GDVQ4BB
Lord of The Rings Bilbo Baggins Sword,"Clothing, Shoes & Jewelry | Costumes & Accessories | Kids & Baby | Boys | Costumes",$17.01,,,https://images-na.ssl-images-amazon.com/images/I/41jQnt8k21L.jpg|https://images-na.ssl-images-amazon.com/images/I/41aUZihIPGL.jpg|https://images-na.ssl-images-amazon.com/images/G/01/x-locale/common/transparent-pixel.jpg,,,,,,,,,,,,,https://www.amazon.com/The-Hobbit-Sting-Lightup-Sword/dp/B00BG34DK8
California Costumes Toys Little Mermaid Costume,"Clothing, Shoes & Jewelry | Costumes & Accessories | Kids & Baby | Girls | Costumes",$13.04 $ 13 . 04,,1 pounds,https://images-na.ssl-images-amazon.com/images/I/41HOoQewf0L.jpg|https://images-na.ssl-images-amazon.com/images/G/01/x-locale/common/transparent-pixel.jpg,,,,,,,,,,,,,https://www.amazon.com/California-Costumes-Little-Mermaid-X-Small/dp/B002H6WHTM